languageCode,glottocode,glottologName,family,path
aai,arif1239,Arifama-Miniafia,Austronesian,Austronesian > Malayo-Polynesian > Eastern Malayo-Polynesian > Oceanic > Western Oceanic linkage > Papuan Tip linkage > Nuclear Papuan Tip linkage > North Papuan Mainland-D'Entrecasteaux linkage > Are-Taupota linkage > Are linkage > Arifama-Miniafia
aak,anka1246,Ankave,Angan,Angan > Nuclear Angan > Ankave-Tainae-Akoye > Ankave
aau,abau1245,Abau,Sepik,Sepik > Abau
aaz,amar1273,Amarasi,Austronesian,Austronesian > Malayo-Polynesian > Timor-Babar > Rote-Meto > West Rote > Dengka-Meto > Meto > Amarasi
abc,amba1267,Ambala Ayta,Austronesian,Austronesian > Malayo-Polynesian > Central Luzon > Sambalic > Ambala Ayta
abt,ambu1247,Ambulas,Ndu,Ndu > Nuclear Ndu > Ambulas-Hanga-Hundi > Ambulas
abx,inab1237,Inabaknon,Austronesian,Austronesian > Malayo-Polynesian > Basap-Greater Barito > Greater Barito linkage > Sama-Bajaw > Inabaknon
aby,anem1248,Aneme Wake,Yareban,Yareban > Doriri-Abia > Aneme Wake
acf,sain1246,Saint Lucian Creole French,Indo-European,Indo-European > Classical Indo-European > Italic > Latino-Faliscan > Latinic > Imperial Latin > Romance > Italo-Western Romance > Western Romance > Shifted Western Romance > Northwestern Shifted Romance > Gallo-Rhaetian > Oil > Central Oil > Macro-French > Circum-Caribbean French > Lesser Antillean French Creole > Saint Lucian Creole French
acr,achi1256,Achi,Mayan,Mayan > Core Mayan > Quichean-Mamean > Greater Quichean > Core Quichean > Quiche-Achi > Achi
acu,achu1248,Achuar-Shiwiar,Chicham,Chicham > Shuaric > Achuar-Shiwiar
adz,adze1240,Adzera,Austronesian,Austronesian > Malayo-Polynesian > Eastern Malayo-Polynesian > Oceanic > Western Oceanic linkage > North New Guinea linkage > Huon Gulf > Markham > Upper Markham > Adzera
aer,east2379,Eastern Arrernte,Pama-Nyungan,Pama-Nyungan > Arandic-Thura-Yura > Arandic > South Arandic > Upper Arrernte > Central-Eastern Arrernte > Eastern Arrernte
aey,amel1241,Amele,Nuclear Trans New Guinea,Nuclear Trans New Guinea > Madang > Croisilles > Mabuso > Gum > Amele
agd,agar1252,Agarabi,Nuclear Trans New Guinea,Nuclear Trans New Guinea > Kainantu-Goroka > Kainantu > Gauwa > Gadsup-Agarabi > Agarabi
agg,ango1254,Angor,Senagi,Senagi > Angor
agm,anga1290,Angaataha,Angan,Angan > Angaataha
agn,agut1237,Agutaynen,Austronesian,Austronesian > Malayo-Polynesian > Greater Central Philippine > Palawanic-Kalamian > Kalamian > Agutaynen
agr,agua1253,Aguaruna,Chicham,Chicham > Aguaruna
agt,cent2084,Central Cagayan Agta,Austronesian,Austronesian > Malayo-Polynesian > Northern Luzon > Cagayan Valley > Ibanagic > Gaddangic > Central Cagayan Agta
agu,agua1252,Aguacateco,Mayan,Mayan > Core Mayan > Quichean-Mamean > Greater Mamean > Ixilan > Aguacateco
ahr,ahir1243,Ahirani,Bookkeeping,Bookkeeping > Ahirani
aia,aros1241,Arosi,Austronesian,Austronesian > Malayo-Polynesian > Eastern Malayo-Polynesian > Oceanic > Southeast Solomonic > Longgu-Malaita-Makira > Malaita-Makira > Makira > Arosi
aii,assy1241,Assyrian Neo-Aramaic,Afro-Asiatic,Afro-Asiatic > Semitic > West Semitic > Central Semitic > Northwest Semitic > Aramaic > Imperial-Middle-Modern Aramaic > Middle-Modern Aramaic > Eastern Aramaic > Central Eastern Aramaic > North-Eastern Neo-Aramaic > Assyrian Neo-Aramaic
ake,akaw1239,Akawaio-Ingariko,Cariban,Cariban > Venezuelan Cariban > Pemong-Panare > Pemongan > Kapong > Akawaio-Ingariko
alp,alun1238,Alune,Austronesian,Austronesian > Malayo-Polynesian > Nunusaku > Three Rivers > Amalumute > Northwest Seram > Ulat Inai > Alune
alq,algo1255,Algonquin,Algic,Algic > Algonquian-Blackfoot > Algonquian > Eastern Great Lakes Algonquian > Ojibwa-Potawatomi > Ojibwa > Severn-Algonquin > Algonquin
alw,alab1254,Alaba-K'abeena,Afro-Asiatic,Afro-Asiatic > Cushitic > East Cushitic > Highland East Cushitic > Sidaama-Hadiyya-Kambaata > Hadiyya-Kambaata > Kambaataic > Alaba-K'abeena
aly,alya1239,Alyawarr,Pama-Nyungan,Pama-Nyungan > Arandic-Thura-Yura > Arandic > South Arandic > Upper Arrernte > Alyawarr
ame,yane1238,Yanesha',Arawakan,Arawakan > Southern Maipuran > Kampa-Amuesha > Yanesha'
amf,hame1242,Hamer-Banna,South Omotic,South Omotic > AHK > Hamer-Karo > Hamer-Banna
amh,amha1245,Amharic,Afro-Asiatic,Afro-Asiatic > Semitic > West Semitic > Ethiosemitic > South Ethiopic > Amharic-Argobba > Amharic
amk,amba1265,Ambai,Austronesian,Austronesian > Malayo-Polynesian > Eastern Malayo-Polynesian > South Halmahera-West New Guinea > Cenderawasih Bay > Yapen > Central-Western Yapen > Ansus-Ambai > Ambai
amm,amap1240,Ama (Papua New Guinea),Left May,Left May > Western Left May > Ama (Papua New Guinea)
amn,aman1265,Amanab,Border,Border > Warisic > Amanab
amo,amoo1242,Amo,Atlantic-Congo,Atlantic-Congo > Volta-Congo > Benue-Congo > Kainji > Central Kainji > Basa-Eastern Kainji > Eastern Kainji > Jos > Amo
amp,alam1246,Alamblak,Sepik,Sepik > Sepik Hill > Central-Eastern Sepik Hill > Eastern Sepik Hill > Alamblak
amr,amar1274,Amarakaeri,Harakmbut,Harakmbut > Amarakaeri
amu,guer1243,Guerrero Amuzgo,Otomanguean,Otomanguean > Eastern Otomanguean > Amuzgo-Mixtecan > Amuzgoan > Guerrero Amuzgo
amx,anma1239,Anmatyerre,Pama-Nyungan,Pama-Nyungan > Arandic-Thura-Yura > Arandic > South Arandic > Upper Arrernte > Anmatyerre
anh,nend1239,Nend,Nuclear Trans New Guinea,Nuclear Trans New Guinea > Madang > Kalamic-South Adelbert > South Adelbert > Sogeram > Apalic > Greater West Sogeram > West Sogeram > Nend
anv,deny1238,Denya,Atlantic-Congo,Atlantic-Congo > Volta-Congo > Benue-Congo > Bantoid > Southern Bantoid > Mamfe > Kendem-Denya > Denya
aoi,anin1240,Anindilyakwa,Gunwinyguan,Gunwinyguan > Eastern Gunwinyguan > Wubuy-Anindilyakwa > Anindilyakwa
aoj,mufi1238,Mufian,Nuclear Torricelli,Nuclear Torricelli > Kombio-Arapesh-Urat > Arapesh > Mufian-Bukiyip-Abu > Mufian
aom,omie1241,Ömie,Koiarian,Koiarian > Baraic > Ömie
aon,bumb1241,Bumbita Arapesh,Nuclear Torricelli,Nuclear Torricelli > Kombio-Arapesh-Urat > Arapesh > Bumbita Arapesh
apb,saaa1240,Sa'a,Austronesian,Austronesian > Malayo-Polynesian > Eastern Malayo-Polynesian > Oceanic > Southeast Solomonic > Longgu-Malaita-Makira > Malaita-Makira > Sa'a
ape,buki1249,Bukiyip,Nuclear Torricelli,Nuclear Torricelli > Kombio-Arapesh-Urat > Arapesh > Mufian-Bukiyip-Abu > Bukiyip-Abu > Bukiyip
apn,apin1244,Apinayé,Nuclear-Macro-Je,Nuclear-Macro-Je > Je > Cerrado > Goyaz > Northern Je > Apinayé
apr,arop1243,Arop-Lokep,Austronesian,Austronesian > Malayo-Polynesian > Eastern Malayo-Polynesian > Oceanic > Western Oceanic linkage > North New Guinea linkage > Ngero-Vitiaz linkage > Vitiaz linkage > Korap linkage > Arop-Lokep
apu,apur1254,Apurinã,Arawakan,Arawakan > Southern Maipuran > Purus-Chamicuro > Purus > Apurinã
apw,west2615,Western Apache,Athabaskan-Eyak-Tlingit,Athabaskan-Eyak-Tlingit > Athabaskan-Eyak > Athabaskan > Apachean > Southwestern Apachean > Western Southwestern Apachean > Western Apache
apz,safe1240,Safeyoka,Angan,Angan > Nuclear Angan > Wojokesic > Safeyoka
aqk,anin1242,Aninka,Atlantic-Congo,Atlantic-Congo > Volta-Congo > Benue-Congo > Benue-Congo Plateau > Ninzic > Aninka
arb,stan1318,Standard Arabic,Afro-Asiatic,Afro-Asiatic > Semitic > West Semitic > Central Semitic > Arabian > Arabic > Standard Arabic
are,west2441,Western Arrarnta,Pama-Nyungan,Pama-Nyungan > Arandic-Thura-Yura > Arandic > South Arandic > Upper Arrernte > Western Arrarnta
arl,arab1268,Arabela,Zaparoan,Zaparoan > Iquito-Arabela > Arabela-Andoa > Arabela
arn,mapu1245,Mapudungun,Araucanian,Araucanian > Mapudungun
arp,arap1274,Arapaho,Algic,Algic > Algonquian-Blackfoot > Algonquian > Arapahoic > Arapaho-Gros Ventre-Besawunena > Arapaho
asg,cish1238,Western-Kambari-Cishingini,Atlantic-Congo,Atlantic-Congo > Volta-Congo > Benue-Congo > Kainji > Central Kainji > Kambari-Cicipu > Kambaric > West Kambaric > Western-Kambari-Cishingini
asj,nsar1238,Nsari,Atlantic-Congo,Atlantic-Congo > Volta-Congo > Benue-Congo > Bantoid > Southern Bantoid > Beboid > Eastern Beboid > Nsari-Nooni-Ncane > Nsari
asm,assa1263,Assamese,Indo-European,Indo-European > Classical Indo-European > Indo-Iranian > Indo-Aryan > Middle-Modern Indo-Aryan > Continental Indo-Aryan > Indo-Aryan Eastern zone > Oriya-Gauda-Kamrupa > Gauda-Kamrupa > Kamrupa > Eastern Kamrupa > Assamese
aso,dano1240,Dano,Nuclear Trans New Guinea,Nuclear Trans New Guinea > Kainantu-Goroka > Goroka > Nuclear Goroka > Gahuku > Dano
ata,pele1245,Pele-Ata,Pele-Ata,Pele-Ata
atb,zaiw1241,Zaiwa,Sino-Tibetan,Sino-Tibetan > Burmo-Qiangic > Lolo-Burmese > Burmish > Northern Burmish > Maruic > Zaiwa
atd,atam1240,Ata Manobo,Austronesian,Austronesian > Malayo-Polynesian > Greater Central Philippine > Manobo > Central and Southern Manobo > East-West-Central Manobo > East and Central Manobo > Central Manobo > Ata Manobo
atg,ivbi1241,Ivbie North-Okpela-Arhe,Atlantic-Congo,Atlantic-Congo > Volta-Congo > Benue-Congo > Akpes-Edoid > Edoid > Northwestern Edoid > Igwic > Ikpeshic > Ivbie North-Okpela-Arhe
att,pamp1244,Pamplona Atta,Austronesian,Austronesian > Malayo-Polynesian > Northern Luzon > Cagayan Valley > Ibanagic > Atta > Pamplona Atta
auc,waor1240,Waorani,Waorani,Waorani
aui,anuk1239,Anuki,Austronesian,Austronesian > Malayo-Polynesian > Eastern Malayo-Polynesian > Oceanic > Western Oceanic linkage > Papuan Tip linkage > Nuclear Papuan Tip linkage > North Papuan Mainland-D'Entrecasteaux linkage > Anuki
auy,awiy1238,Awiyaana,Nuclear Trans New Guinea,Nuclear Trans New Guinea > Kainantu-Goroka > Kainantu > Gauwa > Auyana > Awiyaana
avt,auuu1241,Au,Nuclear Torricelli,Nuclear Torricelli > Wapei-Palei > Central Torricelli > Wapeic > Au-Olo-Elkei > Au
awb,awap1236,Awa (Papua New Guinea),Nuclear Trans New Guinea,Nuclear Trans New Guinea > Kainantu-Goroka > Kainantu > Gauwa > Awa-Oweina > Awa (Papua New Guinea)
awk,awab1243,Awabakal,Pama-Nyungan,Pama-Nyungan > Southeastern Pama-Nyungan > New South Wales Pama-Nyungan > Yuin-Kuri > Kuri > Hunter-Hastings > Awabakal
awx,awar1248,Awara,Nuclear Trans New Guinea,Nuclear Trans New Guinea > Finisterre-Huon > Finisterre-Saruwaged > Wantoatic > Wantoat-Awara > Awara
azb,sout2697,South Azerbaijani,Turkic,Turkic > Common Turkic > Oghuz > Nuclear Oghuz > Central Oghuz > South Azerbaijani
azg,sanp1260,San Pedro Amuzgos Amuzgo,Otomanguean,Otomanguean > Eastern Otomanguean > Amuzgo-Mixtecan > Amuzgoan > San Pedro Amuzgos Amuzgo
azz,high1278,Highland Puebla Nahuatl,Uto-Aztecan,Uto-Aztecan > Southern Uto-Aztecan > Corachol-Aztecan > Aztec > Eastern Nahuatl > Sierra de Puebla Nahuatl > Highland Puebla Nahuatl
bao,waim1255,Waimaha,Tucanoan,Tucanoan > Eastern Tucanoan > Eastern Eastern Tucanoan > Eastern Eastern Tucanoan I > Bara-Tatuyo > Waimaha
bba,baat1238,Baatonum,Atlantic-Congo,Atlantic-Congo > Volta-Congo > North Volta-Congo > Gur > Central Gur > Southern Central Gur > Baatonum
bbb,nucl1630,Barai,Koiarian,Koiarian > Baraic > Barai-Namiae > Barai
bbr,gira1247,Girawa,Nuclear Trans New Guinea,Nuclear Trans New Guinea > Madang > Croisilles > Mabuso > Kokon > Girawa
bch,bari1286,Bariai,Austronesian,Austronesian > Malayo-Polynesian > Eastern Malayo-Polynesian > Oceanic > Western Oceanic linkage > North New Guinea linkage > Ngero-Vitiaz linkage > Ngero > Eastern Ngero > Bariai
bco,kalu1248,Kaluli,Bosavi,Bosavi > Bosavi Watershed > Kaluli-Sunia > Kaluli
bdd,buna1276,Bunama,Austronesian,Austronesian > Malayo-Polynesian > Eastern Malayo-Polynesian > Oceanic > Western Oceanic linkage > Papuan Tip linkage > Nuclear Papuan Tip linkage > North Papuan Mainland-D'Entrecasteaux linkage > Dobu-Duau linkage > Bunama-Mwatebu > Bunama
bdv,bodo1266,Bodo Parja,Indo-European,Indo-European > Classical Indo-European > Indo-Iranian > Indo-Aryan > Middle-Modern Indo-Aryan > Continental Indo-Aryan > Indo-Aryan Eastern zone > Oriya-Gauda-Kamrupa > Macro-Oriya > Bodo Parja
bea,beav1236,Beaver,Athabaskan-Eyak-Tlingit,Athabaskan-Eyak-Tlingit > Athabaskan-Eyak > Athabaskan > Northwestern Canada Athabaskan > Cordillera Athabaskan > Beaver-Sekani > Beaver
bef,bena1264,Benabena,Nuclear Trans New Guinea,Nuclear Trans New Guinea > Kainantu-Goroka > Goroka > Nuclear Goroka > Siane-Yagaria > Benabena
bel,bela1254,Belarusian,Indo-European,Indo-European > Classical Indo-European > Balto-Slavic > Slavic > East Slavic > Belarusian
ben,beng1280,Bengali,Indo-European,Indo-European > Classical Indo-European > Indo-Iranian > Indo-Aryan > Middle-Modern Indo-Aryan > Continental Indo-Aryan > Indo-Aryan Eastern zone > Oriya-Gauda-Kamrupa > Gauda-Kamrupa > Gauda-Banga > Bengali
beo,beam1240,Beami,Bosavi,Bosavi > Etoro-Bedamini > Beami
beu,blag1240,Blagar,Timor-Alor-Pantar,Timor-Alor-Pantar > Alor-Pantar > Nuclear Alor-Pantar > West Alor-Straits-Pantar > Kaera-Straits > Blagaric > Blagar
bfz,maha1287,Mahasu Pahari,Indo-European,Indo-European > Classical Indo-European > Indo-Iranian > Indo-Aryan > Middle-Modern Indo-Aryan > Eastern Dardic > Himachali > Nuclear Himachali > Mahasu Pahari
bgc,hary1238,Haryanvi,Indo-European,Indo-European > Classical Indo-European > Indo-Iranian > Indo-Aryan > Middle-Modern Indo-Aryan > Continental Indo-Aryan > Midlands Indo-Aryan > Shaurasenic > Indo-Aryan Central zone > Western Hindi > Haryanvic > Haryanvi
bgg,bugu1246,Bugun,Sino-Tibetan,Sino-Tibetan > Kho-Bwa > Bugun
bgs,taga1272,Tagabawa,Austronesian,Austronesian > Malayo-Polynesian > Greater Central Philippine > Manobo > Central and Southern Manobo > South Manobo > Tagabawa
bgt,bugh1239,Bughotu,Austronesian,Austronesian > Malayo-Polynesian > Eastern Malayo-Polynesian > Oceanic > Southeast Solomonic > Guadalcanal-Nggelic > Nuclear Guadalcanal-Nggelic > Nggelic > Bughotu
bhd,bhad1241,Bhadrawahi,Indo-European,Indo-European > Classical Indo-European > Indo-Iranian > Indo-Aryan > Middle-Modern Indo-Aryan > Eastern Dardic > Himachali > Kangric-Chamealic-Bhattiyali > Chamealic > Bhadrawahi-Bhalesi-Curahi > Bhadarwahic > Bhadrawahi
bhg,bina1277,Binandere,Nuclear Trans New Guinea,Nuclear Trans New Guinea > Greater Binanderean > Binanderean > Nuclear Binanderean > Binandere
bhi,bhil1253,Bhilali,Indo-European,Indo-European > Classical Indo-European > Indo-Iranian > Indo-Aryan > Middle-Modern Indo-Aryan > Continental Indo-Aryan > Midlands Indo-Aryan > Bhil > Pauri-Nahali > Bhilali
bhl,bimi1240,Bimin,Nuclear Trans New Guinea,Nuclear Trans New Guinea > Asmat-Awyu-Ok > Awyu-Ok > Ok-Oksapmin > Ok > Mountain Ok > Division A Mountain Ok > Bimin
bht,bhat1263,Bhattiyali,Indo-European,Indo-European > Classical Indo-European > Indo-Iranian > Indo-Aryan > Middle-Modern Indo-Aryan > Eastern Dardic > Himachali > Kangric-Chamealic-Bhattiyali > Chamealic > Bhattiyali
bhu,bhun1242,Bhunjia,Indo-European,Indo-European > Classical Indo-European > Indo-Iranian > Indo-Aryan > Middle-Modern Indo-Aryan > Continental Indo-Aryan > Indo-Aryan Eastern zone > Halbic > Bhunjia
big,bian1252,Biangai,Kunimaipan,Kunimaipan > Biangai
bjk,baro1253,Barok,Austronesian,Austronesian > Malayo-Polynesian > Eastern Malayo-Polynesian > Oceanic > Western Oceanic linkage > Meso Melanesian linkage > New Ireland-Northwest Solomonic linkage > Madak linkage > Barok
bjp,make1251,Fanamaket,Austronesian,Austronesian > Malayo-Polynesian > Eastern Malayo-Polynesian > Oceanic > Western Oceanic linkage > Meso Melanesian linkage > New Ireland-Northwest Solomonic linkage > St George linkage > Tangga > Fanamaket
bjr,binu1245,Binumarien,Nuclear Trans New Guinea,Nuclear Trans New Guinea > Kainantu-Goroka > Kainantu > Tairora > Binumarien
bjv,bedj1245,Nangnda,Central Sudanic,Central Sudanic > Sara-Bongo-Bagirmi > SBB Occidental > Nuclear SBB Occidental > Saraic > Sara Central > Sara Central Logone-Chari > Bediondo > Nangnda
bjz,baru1269,Baruga,Nuclear Trans New Guinea,Nuclear Trans New Guinea > Greater Binanderean > Binanderean > Nuclear Binanderean > South Binanderean > Coastal Binanderean > Baruga-Doghoro > Baruga
bkd,binu1244,Talaandig-Binukid,Austronesian,Austronesian > Malayo-Polynesian > Greater Central Philippine > Manobo > North Manobo > Kinamiguin-Bukidnon > Bukidnon > Talaandig-Binukid
bki,baki1244,Baki,Austronesian,Austronesian > Malayo-Polynesian > Eastern Malayo-Polynesian > Oceanic > North and Central Vanuatu > Central Vanuatu > Epi-Efate > Epi > Baki-Bierebo > Baki
bkq,baka1277,Bakairí,Cariban,Cariban > Pekodian > Bakairí
bkw,bekw1242,Bekwil,Atlantic-Congo,Atlantic-Congo > Volta-Congo > Benue-Congo > Bantoid > Southern Bantoid > Narrow Bantu > Bantu A-B10-B20-B30 > Makaa-Kako (A.80-90) > Makaa-Njem (A.80) > Mpoic > Bekwil
bkx,baik1238,Baikeno,Austronesian,Austronesian > Malayo-Polynesian > Timor-Babar > Rote-Meto > West Rote > Dengka-Meto > Meto > Central Meto > Baikeno
bla,siks1238,Siksika,Algic,Algic > Algonquian-Blackfoot > Siksika
blw,bala1310,Balangao,Austronesian,Austronesian > Malayo-Polynesian > Northern Luzon > Meso-Cordilleran > South-Central Cordilleran > Central Cordilleran > Nuclear Cordilleran > Balangao
blz,bala1315,Balantak,Austronesian,Austronesian > Malayo-Polynesian > Celebic > Greater Eastern Celebic > Eastern Celebic > Saluan-Banggai > Eastern Saluan-Banggai > Balantak
bmh,kein1239,Kein,Nuclear Trans New Guinea,Nuclear Trans New Guinea > Madang > Croisilles > Mabuso > Kokon > Kein
bmk,ghay1237,Ghayavi,Austronesian,Austronesian > Malayo-Polynesian > Eastern Malayo-Polynesian > Oceanic > Western Oceanic linkage > Papuan Tip linkage > Nuclear Papuan Tip linkage > North Papuan Mainland-D'Entrecasteaux linkage > Are-Taupota linkage > Are linkage > Boanaki-Paiwa > Ghayavi
bmr,muin1242,Muinane,Boran,Boran > Muinane
bmu,buru1306,Burum-Mindik,Nuclear Trans New Guinea,Nuclear Trans New Guinea > Finisterre-Huon > Huon > Western Huon > Rawlinson > Pindiu > Kosorong-Burum-Mindik > Burum-Mindik
bnp,bola1250,Bola,Austronesian,Austronesian > Malayo-Polynesian > Eastern Malayo-Polynesian > Oceanic > Western Oceanic linkage > Meso Melanesian linkage > Willaumez linkage > Bola-Bulu > Bola
boa,bora1263,Bora,Boran,Boran > Bora
bod,tibe1272,Tibetan,Sino-Tibetan,Sino-Tibetan > Bodic > Bodish > Early Old Tibetan > Middle Old Tibetan > Late Old Tibetan > Central Tibetan > Tibetan
boj,anja1238,Anjam,Nuclear Trans New Guinea,Nuclear Trans New Guinea > Madang > Rai Coast > Mindjim > Lower Minjim > Coastal Minjim > Anjam
bon,bine1240,Bine,Eastern Trans-Fly,Eastern Trans-Fly > Bine
bou,bond1247,Bondei,Atlantic-Congo,Atlantic-Congo > Volta-Congo > Benue-Congo > Bantoid > Southern Bantoid > Narrow Bantu > East Bantu > Northeast Savanna Bantu > Northeast Coastal Bantu > Ruvu > West Ruvu > Seuta > Bondei-Shambala > Bondei
box,buam1238,Buamu,Atlantic-Congo,Atlantic-Congo > Volta-Congo > North Volta-Congo > Gur > Central Gur > Northern Central Gur > Bwamu-Oti-Volta > Bwamu > Nuclear Bwamu > Buamu
bpr,koro1310,Koronadal Blaan,Austronesian,Austronesian > Malayo-Polynesian > Bilic > Tboli-Blaan > Blaan > Koronadal Blaan
bps,sara1326,Sarangani Blaan,Austronesian,Austronesian > Malayo-Polynesian > Bilic > Tboli-Blaan > Blaan > Sarangani Blaan
bpx,paly1238,Palya Bareli,Indo-European,Indo-European > Classical Indo-European > Indo-Iranian > Indo-Aryan > Middle-Modern Indo-Aryan > Continental Indo-Aryan > Midlands Indo-Aryan > Bhil > Rathawi-Palya > Palya Bareli
bqc,boko1266,Boko (Benin),Mande,Mande > Eastern Mande > Bisa-Busa > Samo-Busa > Busan > Boko-Busa > Boko (Benin)
bqp,busa1253,Busa,Mande,Mande > Eastern Mande > Bisa-Busa > Samo-Busa > Busan > Boko-Busa > Busa
bre,bret1244,Breton,Indo-European,Indo-European > Classical Indo-European > Celtic > Nuclear Celtic > Core Celtic > Insular Celtic > Brythonic > Southwestern Brythonic > Middle-Modern Southwestern Brythonic > Bretonic > Breton
bsj,bang1348,Bangwinji,Atlantic-Congo,Atlantic-Congo > Volta-Congo > North Volta-Congo > Gur > Central Gur > Tula-Longuda > Tula-Waja > Tulaic > Tula-Ma-Yebu > Nuclear Tulaic > Bangwinji
bsn,bara1380,Barasana-Eduria,Tucanoan,Tucanoan > Eastern Tucanoan > Western Eastern Tucanoan > Barasano-Eduria-Macuna > Barasana-Eduria
bsp,baga1272,Baga Sitemu,Atlantic-Congo,Atlantic-Congo > Mel > Northern Mel > Baga Sitemu
bss,akoo1248,Akoose,Atlantic-Congo,Atlantic-Congo > Volta-Congo > Benue-Congo > Bantoid > Southern Bantoid > Narrow Bantu > Bantu A-B10-B20-B30 > Lundu-Balong (A.10) > Greater Manenguba > Bafaw-Balong-Manenguba > Manenguba > Central Manenguba > Akoose
bsw,bais1246,Baiso,Afro-Asiatic,Afro-Asiatic > Cushitic > East Cushitic > Lowland East Cushitic > Southern Lowland East Cushitic > Mainstream Lowland East Cushitic > Omo-Tana > Eastern Omo-Tana > Baiso-Jiiddu > Baiso
buj,basa1281,Basa-Gurmana,Atlantic-Congo,Atlantic-Congo > Volta-Congo > Benue-Congo > Kainji > Central Kainji > Basa-Eastern Kainji > Basa > Kontagora-Gumna-Koromba > Basa-Gurmana
buk,buga1250,Bugawac,Austronesian,Austronesian > Malayo-Polynesian > Eastern Malayo-Polynesian > Oceanic > Western Oceanic linkage > North New Guinea linkage > Huon Gulf > North Huon Gulf linkage > Bugawac
bus,boko1267,Bokobaru,Mande,Mande > Eastern Mande > Bisa-Busa > Samo-Busa > Busan > Boko-Busa > Bokobaru
bvd,baeg1237,Baeggu,Austronesian,Austronesian > Malayo-Polynesian > Eastern Malayo-Polynesian > Oceanic > Southeast Solomonic > Longgu-Malaita-Makira > Malaita-Makira > Malaita > Central-Northern Malaita > North Malaitan > Baeggu
bvr,bura1267,Burarra,Maningrida,Maningrida > Bureran > Burarra
bvw,boga1251,Boga,Afro-Asiatic,Afro-Asiatic > Chadic > Biu-Mandara > South Biu-Mandara > Teraic > Eastern Tera > Boga
bwc,bwil1245,Bwile,Atlantic-Congo,Atlantic-Congo > Volta-Congo > Benue-Congo > Bantoid > Southern Bantoid > Narrow Bantu > East Bantu > Sabi > Malungu-Central Sabi > Bwile
bwd,bwai1242,Bwaidoka,Austronesian,Austronesian > Malayo-Polynesian > Eastern Malayo-Polynesian > Oceanic > Western Oceanic linkage > Papuan Tip linkage > Nuclear Papuan Tip linkage > North Papuan Mainland-D'Entrecasteaux linkage > Bwaidoga linkage > Bwaidoka-Iduna > Bwaidoka
bwo,boro1277,Boro (Ethiopia),Ta-Ne-Omotic,Ta-Ne-Omotic > Kefoid > Boro (Ethiopia)
bxh,buhu1237,Buhutu,Austronesian,Austronesian > Malayo-Polynesian > Eastern Malayo-Polynesian > Oceanic > Western Oceanic linkage > Papuan Tip linkage > Nuclear Papuan Tip linkage > Suauic > Buhutu
byr,baru1267,Baruya,Angan,Angan > Nuclear Angan > Baruya-Simbari > Baruya
byx,qaqe1238,Qaqet,Baining,Baining > Qaqet
bzd,brib1243,Bribri,Chibchan,Chibchan > Core Chibchan > Isthmic Chibchan > Western Isthmic Chibchan > Viceitic > Bribri
bzh,mapo1242,Mapos Buang,Austronesian,Austronesian > Malayo-Polynesian > Eastern Malayo-Polynesian > Oceanic > Western Oceanic linkage > North New Guinea linkage > Huon Gulf > South Huon Gulf linkage > Buang linkage > Mapos-Mangga-Wagau > Mapos Buang
bzj,beli1260,Belize Kriol English,Indo-European,Indo-European > Classical Indo-European > Germanic > Northwest Germanic > West Germanic > North Sea Germanic > Anglo-Frisian > Anglic > Later Anglic > Middle-Modern English > Macro-English > Guinea Coast Creole English > Caribbean English Creole > Western Caribbean Creole > Miskitoic Creole English > Belize-Miskito Creole English > Belize Kriol English
caa,chor1273,Ch'orti',Mayan,Mayan > Core Mayan > Western Mayan > Cholan-Tzeltalan > Cholan > Chorti-Cholti > Ch'orti'
cab,gari1256,Garifuna,Arawakan,Arawakan > Caribbean Arawakan > Antillean Arawakan > Ineric > Island Carib-Garifuna > Garifuna
cac,chuj1250,Chuj,Mayan,Mayan > Core Mayan > Western Mayan > Kanjobalan-Chujean > Chujean > Chuj
caf,sout2958,Southern Carrier,Athabaskan-Eyak-Tlingit,Athabaskan-Eyak-Tlingit > Athabaskan-Eyak > Athabaskan > Central British Columbia Athabaskan > Carrieric > Dakelh > Southern Carrier
cak,kaqc1270,Kaqchikel,Mayan,Mayan > Core Mayan > Quichean-Mamean > Greater Quichean > Core Quichean > Cakchiquel-Tzutujil > Kaqchikelic > Kaqchikel
cao,chac1251,Chácobo,Pano-Tacanan,Pano-Tacanan > Panoan > Mainline Pano > Pano Nawa > Bolivian Nawa > Chácobo
cap,chip1262,Chipaya,Uru-Chipaya,Uru-Chipaya > Chipaya
cav,cavi1250,Cavineña,Pano-Tacanan,Pano-Tacanan > Tacanan > Cavineña
cax,chiq1248,Lomeriano-Ignaciano Chiquitano,Chiquitano,Chiquitano > Lomeriano-Ignaciano Chiquitano
cbc,cara1272,Carapana,Tucanoan,Tucanoan > Eastern Tucanoan > Eastern Eastern Tucanoan > Eastern Eastern Tucanoan II > Pisamira-Yuruti > Pisamira-Carapana > Carapana
cbi,chac1249,Cha'palaa,Barbacoan,Barbacoan > Awa-Southern Barbacoan > Cayapa-Colorado > Cha'palaa
cbk,chav1241,Chavacano,Indo-European,Indo-European > Classical Indo-European > Italic > Latino-Faliscan > Latinic > Imperial Latin > Romance > Italo-Western Romance > Western Romance > Shifted Western Romance > Southwestern Shifted Romance > West Ibero-Romance > Castilic > South Castilic > Ternate-Zamboanga-Cavite > Chavacano
cbr,cash1251,Cashibo-Cacataibo,Pano-Tacanan,Pano-Tacanan > Panoan > Mainline Pano > Cashibo-Cacataibo
cbs,cash1254,Cashinahua,Pano-Tacanan,Pano-Tacanan > Panoan > Mainline Pano > Pano Nawa > Headwaters Pano > Cashinahua
cbt,chay1248,Shawi,Cahuapanan,Cahuapanan > Shawi
cbu,cand1248,Candoshi-Shapra,Candoshi-Shapra,Candoshi-Shapra
cbv,cacu1241,Kakua,Kakua-Nukak,Kakua-Nukak > Kakua
cco,coma1246,Comaltepec Chinantec,Otomanguean,Otomanguean > Western Otomanguean > Otopame-Chinantecan > Chinantecan > Chinantec Group V > Comaltepec Chinantec
cdz,koda1236,Koda,Austroasiatic,Austroasiatic > Mundaic > North Munda > Kherwarian > Mundaric > Koda
ceb,cebu1242,Cebuano,Austronesian,Austronesian > Malayo-Polynesian > Greater Central Philippine > Central Philippine > Bisayan > Cebuano
cek,east2779,Eastern Khumi Chin,Sino-Tibetan,Sino-Tibetan > Kuki-Chin-Naga > Kuki-Chin > Peripheral Kuki-Chin > Khomic > Eastern Khumi Chin
ces,czec1258,Czech,Indo-European,Indo-European > Classical Indo-European > Balto-Slavic > Slavic > West Slavic > Czech-Slovak > Czech
cfm,fala1243,Falam Chin,Sino-Tibetan,Sino-Tibetan > Kuki-Chin-Naga > Kuki-Chin > Central Kuki-Chin > Core Central Kuki-Chin > Lai Chin > Falamic > Falam Chin
cgc,kaga1256,Kagayanen,Austronesian,Austronesian > Malayo-Polynesian > Greater Central Philippine > Manobo > North Manobo > Kagayanen
cha,cham1312,Chamorro,Austronesian,Austronesian > Malayo-Polynesian > Chamorro
chd,high1242,Highland Oaxaca Chontal,Tequistlatecan,Tequistlatecan > Highland Oaxaca Chontal
chf,taba1266,Tabasco Chontal,Mayan,Mayan > Core Mayan > Western Mayan > Cholan-Tzeltalan > Cholan > Chol-Chontal > Tabasco Chontal
chk,chuu1238,Chuukese,Austronesian,Austronesian > Malayo-Polynesian > Eastern Malayo-Polynesian > Oceanic > Micronesian > Central Micronesian > Western Micronesian > Chuukic-Ponapeic > Trukic > Nuclear Trukic > Central Trukic > Eastern Trukic > Mortlockese-Trukese > Chuukese
chq,quio1240,Quiotepec Chinantec,Otomanguean,Otomanguean > Western Otomanguean > Otopame-Chinantecan > Chinantecan > Chinantec Group V > Quiotepec Chinantec
chz,ozum1235,Ozumacín Chinantec,Otomanguean,Otomanguean > Western Otomanguean > Otopame-Chinantecan > Chinantecan > Central-Eastern Chinantec > Southeastern Chinantec > Chinantec Group III > Ozumacín Chinantec
cjo,ashe1273,Ashéninka Pajonal,Arawakan,Arawakan > Southern Maipuran > Kampa-Amuesha > Pre-Andine Maipuran > Asha-Ashe-Kak-Matsi-Nan > Asha-Ashe-Kak > Ashe-Asha > Asheninka > Ashéninka Pajonal
cjv,chua1250,Chuave,Nuclear Trans New Guinea,Nuclear Trans New Guinea > Chimbu-Wahgi > Simbu > Chuave-Nomane > Chuave
ckb,cent1972,Central Kurdish,Indo-European,Indo-European > Classical Indo-European > Indo-Iranian > Iranian-Nuristani > Iranian > Central Iranian PBS > Central Iranian PB > Northwestern Iranian > Laki-Kurdish > Kurdish > Central Kurdish
cle,leal1235,Lealao Chinantec,Otomanguean,Otomanguean > Western Otomanguean > Otopame-Chinantecan > Chinantecan > Central-Eastern Chinantec > Southeastern Chinantec > Chinantec Group IV > Lealao Chinantec
clu,calu1238,Caluyanun,Austronesian,Austronesian > Malayo-Polynesian > Greater Central Philippine > Central Philippine > Bisayan > West Bisayan > Kuyan > Datagnon-Santa Teresa-Semirara > Caluyanun
cme,cerm1238,Cerma,Atlantic-Congo,Atlantic-Congo > Volta-Congo > North Volta-Congo > Gur > Central Gur > Southern Central Gur > Kirma-Tyurama > Cerma
cmn,mand1415,Mandarin Chinese,Sino-Tibetan,Sino-Tibetan > Sinitic > Classical-Middle-Modern Sinitic > Middle-Modern Sinitic > Northern Chinese > Mandarinic > Mandarin Chinese
cni,asha1243,Asháninka,Arawakan,Arawakan > Southern Maipuran > Kampa-Amuesha > Pre-Andine Maipuran > Asha-Ashe-Kak-Matsi-Nan > Asha-Ashe-Kak > Ashe-Asha > Asháninka
cnl,lala1270,Lalana Chinantec,Otomanguean,Otomanguean > Western Otomanguean > Otopame-Chinantecan > Chinantecan > Central-Eastern Chinantec > Southeastern Chinantec > Chinantec Group IV > Lalana Chinantec
cnt,tepe1279,Tepetotutla Chinantec,Otomanguean,Otomanguean > Western Otomanguean > Otopame-Chinantecan > Chinantecan > Central-Eastern Chinantec > Northwestern Chinantec > Chinantec Group II > Tepetotutla Chinantec
cof,colo1256,Tsafiki,Barbacoan,Barbacoan > Awa-Southern Barbacoan > Cayapa-Colorado > Tsafiki
con,cofa1242,Cofán,Cofán,Cofán
cop,copt1239,Coptic,Afro-Asiatic,Afro-Asiatic > Egyptian > Coptic
cot,caqu1242,Caquinte,Arawakan,Arawakan > Southern Maipuran > Kampa-Amuesha > Pre-Andine Maipuran > Asha-Ashe-Kak-Matsi-Nan > Asha-Ashe-Kak > Caquinte
cpa,pala1351,Palantla Chinantec,Otomanguean,Otomanguean > Western Otomanguean > Otopame-Chinantecan > Chinantecan > Central-Eastern Chinantec > Northwestern Chinantec > Chinantec Group II > Palantla Chinantec
cpb,ucay1237,Ucayali-Yurúa Ashéninka,Arawakan,Arawakan > Southern Maipuran > Kampa-Amuesha > Pre-Andine Maipuran > Asha-Ashe-Kak-Matsi-Nan > Asha-Ashe-Kak > Ashe-Asha > Ashe-Asha Norte > Ucayali-Yurúa Ashéninka
cpc,ajyi1238,Ajyíninka Apurucayali,Arawakan,Arawakan > Southern Maipuran > Kampa-Amuesha > Pre-Andine Maipuran > Asha-Ashe-Kak-Matsi-Nan > Asha-Ashe-Kak > Ashe-Asha > Ashe-Asha Norte > Ajyíninka Apurucayali
cpu,pich1237,Pichis Ashéninka,Arawakan,Arawakan > Southern Maipuran > Kampa-Amuesha > Pre-Andine Maipuran > Asha-Ashe-Kak-Matsi-Nan > Asha-Ashe-Kak > Ashe-Asha > Ashe-Asha Norte > Pichis Ashéninka
cpy,sout3127,South Ucayali Ashéninka,Arawakan,Arawakan > Southern Maipuran > Kampa-Amuesha > Pre-Andine Maipuran > Asha-Ashe-Kak-Matsi-Nan > Asha-Ashe-Kak > Ashe-Asha > Asheninka > South Ucayali Ashéninka
crn,elna1235,El Nayar Cora,Uto-Aztecan,Uto-Aztecan > Southern Uto-Aztecan > Corachol-Aztecan > Corachol > Coran > El Nayar Cora
crx,carr1249,Central Carrier,Athabaskan-Eyak-Tlingit,Athabaskan-Eyak-Tlingit > Athabaskan-Eyak > Athabaskan > Central British Columbia Athabaskan > Carrieric > Dakelh > Central Carrier
cso,soch1239,Sochiapam Chinantec,Otomanguean,Otomanguean > Western Otomanguean > Otopame-Chinantecan > Chinantecan > Central-Eastern Chinantec > Northwestern Chinantec > Chinantec Group I > Sochiapam Chinantec
csy,siyi1240,Sizang Chin,Sino-Tibetan,Sino-Tibetan > Kuki-Chin-Naga > Kuki-Chin > Peripheral Kuki-Chin > Northeastern Kuki-Chin > Sizangic > Sizang Chin
cta,tata1258,Tataltepec Chatino,Otomanguean,Otomanguean > Eastern Otomanguean > Popoloca-Zapotecan > Zapotecan > Chatino > Core Chatino > Coastal Chatino > Tataltepec Chatino
cth,thai1262,Thaipum Chin,Bookkeeping,Bookkeeping > Pending Report Release > Thaipum Chin
ctp,west2644,Western Highland Chatino,Otomanguean,Otomanguean > Eastern Otomanguean > Popoloca-Zapotecan > Zapotecan > Chatino > Core Chatino > Coastal Chatino > Eastern Chatino > Western Highland Chatino
ctu,chol1282,Chol,Mayan,Mayan > Core Mayan > Western Mayan > Cholan-Tzeltalan > Cholan > Chol-Chontal > Chol
cub,cube1242,Cubeo,Tucanoan,Tucanoan > Eastern Tucanoan > Western Eastern Tucanoan > Cubeo-Desano > Cubeo
cuc,usil1237,Usila Chinantec,Otomanguean,Otomanguean > Western Otomanguean > Otopame-Chinantecan > Chinantecan > Central-Eastern Chinantec > Northwestern Chinantec > Chinantec Group I > Usila Chinantec
cug,,,Unclassified,
cui,cuib1242,Cuiba,Guahiboan,Guahiboan > Nuclear Guahiboan > Central Guahibo > Cuiba
cuk,sanb1242,San Blas Kuna,Chibchan,Chibchan > Core Chibchan > Isthmic Chibchan > Eastern Isthmic Chibchan > Kuna > San Blas Kuna
cut,teut1235,Teutila Cuicatec,Otomanguean,Otomanguean > Eastern Otomanguean > Amuzgo-Mixtecan > Mixtecan > Mixtec-Cuicatec > Cuicatec > Teutila Cuicatec
cux,tepe1280,Tepeuxila Cuicatec,Otomanguean,Otomanguean > Eastern Otomanguean > Amuzgo-Mixtecan > Mixtecan > Mixtec-Cuicatec > Cuicatec > Tepeuxila Cuicatec
cwe,kwer1261,Kwere,Atlantic-Congo,Atlantic-Congo > Volta-Congo > Benue-Congo > Bantoid > Southern Bantoid > Narrow Bantu > East Bantu > Northeast Savanna Bantu > Northeast Coastal Bantu > Ruvu > East Ruvu > Central East Ruvu > Kwere
cya,nopa1235,Nopala Chatino,Otomanguean,Otomanguean > Eastern Otomanguean > Popoloca-Zapotecan > Zapotecan > Chatino > Core Chatino > Coastal Chatino > Eastern Chatino > Nopala Chatino
daa,dang1274,Dangaleat,Afro-Asiatic,Afro-Asiatic > Chadic > East Chadic > East Chadic B > East Chadic B.1 > Dangla-Mabire-Birgit > Dangla > Dangaleat
dad,mari1428,Marik,Austronesian,Austronesian > Malayo-Polynesian > Eastern Malayo-Polynesian > Oceanic > Western Oceanic linkage > North New Guinea linkage > Ngero-Vitiaz linkage > Vitiaz linkage > Bel-Roinji-Nenaya > Bel > Western Bel > Marik
dah,gwah1244,Gwahatike,Nuclear Trans New Guinea,Nuclear Trans New Guinea > Finisterre-Huon > Finisterre-Saruwaged > Warup > Gwahatike
dan,dani1285,Danish,Indo-European,Indo-European > Classical Indo-European > Germanic > Northwest Germanic > North Germanic > South Scandinavian > Danish
dao,daai1236,Daai Chin,Sino-Tibetan,Sino-Tibetan > Kuki-Chin-Naga > Kuki-Chin > Peripheral Kuki-Chin > South Peripheral Kuki-Chin > Choic > Daai-Nghmoye-Muun-Kaang > Daai Chin
ded,dedu1240,Dedua,Nuclear Trans New Guinea,Nuclear Trans New Guinea > Finisterre-Huon > Huon > Western Huon > Rawlinson > Pindiu > Dedua
deu,stan1295,German,Indo-European,Indo-European > Classical Indo-European > Germanic > Northwest Germanic > West Germanic > High German > Upper German > Middle-Modern High German > Modern High German > Upper Franconian > Global German > German
dgc,casi1235,Casiguran-Nagtipunan Agta,Austronesian,Austronesian > Malayo-Polynesian > Northern Luzon > Northeastern Luzon > Nuclear Northeastern Luzon > Casiguran-Nagtipunan Agta
dgr,dogr1252,Dogrib,Athabaskan-Eyak-Tlingit,Athabaskan-Eyak-Tlingit > Athabaskan-Eyak > Athabaskan > Northwestern Canada Athabaskan > Slaveyic > Dogrib
dgz,daga1275,Daga,Dagan,Dagan > Central Dagan > Southwest Dagan > Daga
dhg,dhan1270,Dhangu,Pama-Nyungan,Pama-Nyungan > Yuulngu > Southern Yolngu > Southern-Eastern Yolngu > Dhangu
dhn,dhan1264,Dhanki,Indo-European,Indo-European > Classical Indo-European > Indo-Iranian > Indo-Aryan > Middle-Modern Indo-Aryan > Continental Indo-Aryan > Midlands Indo-Aryan > Khandesic > Dhanki
dif,dier1241,Dieri,Pama-Nyungan,Pama-Nyungan > Karnic > Central Karnic > Western Central Karnic > Pirlatapa-Dieric > Dieric > Dieri
dik,sout2832,Southwestern Dinka,Nilotic,Nilotic > Western Nilotic > Dinka-Nuer > Dinka > Southwestern Dinka
dji,djin1253,Djinang,Pama-Nyungan,Pama-Nyungan > Yuulngu > Western-Inland Yolngu > Djinang
djk,ndyu1242,Aukan,Indo-European,Indo-European > Classical Indo-European > Germanic > Northwest Germanic > West Germanic > North Sea Germanic > Anglo-Frisian > Anglic > Later Anglic > Middle-Modern English > Macro-English > Guinea Coast Creole English > Surinamese Creole English > Eastern Maroons > Ndyuka > Aukan
djr,djam1256,Djambarrpuyngu,Pama-Nyungan,Pama-Nyungan > Yuulngu > Southern Yolngu > Southern-Eastern Yolngu > Dhuwal-Dhuwala > Eastern Dhuwal-Dhuwala > Djambarrpuyngu
dne,nden1249,Ndendeule,Atlantic-Congo,Atlantic-Congo > Volta-Congo > Benue-Congo > Bantoid > Southern Bantoid > Narrow Bantu > East Bantu > Rufiji-Ruvuma > Rufijic > Lwegu > Ndendeule-Ngindo-Nindi > Ndendeule
dnv,danu1251,Danu,Sino-Tibetan,Sino-Tibetan > Burmo-Qiangic > Lolo-Burmese > Burmish > Southern Burmish > Mranmaic > Intha-Danu > Danu
dob,dobu1241,Dobu,Austronesian,Austronesian > Malayo-Polynesian > Eastern Malayo-Polynesian > Oceanic > Western Oceanic linkage > Papuan Tip linkage > Nuclear Papuan Tip linkage > North Papuan Mainland-D'Entrecasteaux linkage > Dobu-Duau linkage > Dobu
dop,lukp1238,Lukpa,Atlantic-Congo,Atlantic-Congo > Volta-Congo > North Volta-Congo > Gur > Central Gur > Southern Central Gur > Grusi > East-West Grusi > Eastern Grusi > Kabiyeic > Lukpa
dov,domb1246,Toka-Leya-Dombe,Atlantic-Congo,Atlantic-Congo > Volta-Congo > Benue-Congo > Bantoid > Southern Bantoid > Narrow Bantu > East Bantu > Botatwe > Greater Eastern Botatwe > Central Eastern Botatwe > Toka-Leya-Dombe
dso,desi1235,Desiya,Bookkeeping,Bookkeeping > Desiya
dwr,dawr1236,Dawro,Ta-Ne-Omotic,Ta-Ne-Omotic > Ometo > North-West Ometo > Central Ometo > Dawro-Gofa-Gamo > Dawro
dww,dawa1242,Dawawa,Austronesian,Austronesian > Malayo-Polynesian > Eastern Malayo-Polynesian > Oceanic > Western Oceanic linkage > Papuan Tip linkage > Nuclear Papuan Tip linkage > North Papuan Mainland-D'Entrecasteaux linkage > Kakabai linkage > Dawawa
dwy,dhuw1250,Dhuwaya,Pama-Nyungan,Pama-Nyungan > Yuulngu > Southern Yolngu > Southern-Eastern Yolngu > Dhuwal-Dhuwala > Western Dhuwal-Dhuwala > Dhuwal > Dhuwaya
ebk,east2881,Eastern Bontok,Austronesian,Austronesian > Malayo-Polynesian > Northern Luzon > Meso-Cordilleran > South-Central Cordilleran > Central Cordilleran > Nuclear Cordilleran > Bontok-Kankanay > Bontok > Eastern-Southern Bontok > Eastern Bontok
eka,ekaj1238,Ekajuk,Atlantic-Congo,Atlantic-Congo > Volta-Congo > Benue-Congo > Bantoid > Southern Bantoid > Ekoid-Mbe > Ekoid > Bakor-Ejagham > Bakor > Northern Bakor > Nnam-Ekajuk > Ekajuk
ekk,esto1258,Estonian,Uralic,Uralic > Finnic > Coastal Finnic > Neva > Central Finnic > Estonian
eko,koti1238,Koti,Atlantic-Congo,Atlantic-Congo > Volta-Congo > Benue-Congo > Bantoid > Southern Bantoid > Narrow Bantu > East Bantu > North Mozambique Bantu > Koti-Nathembo > Koti
emi,muss1246,Mussau-Emira,Austronesian,Austronesian > Malayo-Polynesian > Eastern Malayo-Polynesian > Oceanic > St. Matthias > Mussau-Emira
emp,nort2972,Northern Emberá,Chocoan,Chocoan > Embera > Atrato > Panama-Baudo-Atrato > Northern Emberá
ena,apal1256,Apali,Nuclear Trans New Guinea,Nuclear Trans New Guinea > Madang > Kalamic-South Adelbert > South Adelbert > Sogeram > Apalic > Apali
eng,stan1293,English,Indo-European,Indo-European > Classical Indo-European > Germanic > Northwest Germanic > West Germanic > North Sea Germanic > Anglo-Frisian > Anglic > Later Anglic > Middle-Modern English > Macro-English > English
enq,enga1252,Enga,Nuclear Trans New Guinea,Nuclear Trans New Guinea > Enga-Kewa-Huli > Engan > Enga
epo,espe1235,Esperanto,Artificial Language,Artificial Language > Esperantic > Esperanto
eri,ogea1238,Ogea,Nuclear Trans New Guinea,Nuclear Trans New Guinea > Madang > Rai Coast > Nuru > Erimaic > Ogea
ese,esee1248,Ese Ejja,Pano-Tacanan,Pano-Tacanan > Tacanan > Takanik-Chamik > Ese Ejja
esk,nort2945,Seward Alaska Inupiatun,Eskimo-Aleut,Eskimo-Aleut > Eskimo > Inuit > Alaskan Inupiaq > Seward Alaska Inupiatun
etr,edol1239,Edolo,Bosavi,Bosavi > Etoro-Bedamini > Edolo
ewe,ewee1241,Ewe,Atlantic-Congo,Atlantic-Congo > Volta-Congo > Kwa Volta-Congo > Gbe > Western Gbe > Eweic > Ewe
faa,fasu1242,Fasu,Fasu,Fasu
fad,wagi1249,Wagi (Papua New Guinea),Nuclear Trans New Guinea,Nuclear Trans New Guinea > Madang > Croisilles > Mabuso > Hanseman > Garuhic > Garuh-Foran > Wagi (Papua New Guinea)
fai,faiw1243,Faiwol,Nuclear Trans New Guinea,Nuclear Trans New Guinea > Asmat-Awyu-Ok > Awyu-Ok > Ok-Oksapmin > Ok > Mountain Ok > Division A Mountain Ok > Tifal-Telefol > Tifalic > Faiwol-Seltaman > Faiwol
far,fata1245,Fataleka,Austronesian,Austronesian > Malayo-Polynesian > Eastern Malayo-Polynesian > Oceanic > Southeast Solomonic > Longgu-Malaita-Makira > Malaita-Makira > Malaita > Central-Northern Malaita > North Malaitan > Fataleka
ffm,maas1239,Maasina Fulfulde,Atlantic-Congo,Atlantic-Congo > North-Central Atlantic > Fula-Sereer > Fula > Maasina Fulfulde
fin,finn1318,Finnish,Uralic,Uralic > Finnic > Coastal Finnic > Neva > North Finnic > Nuclear Finnish > Finnish
for,fore1270,Fore,Nuclear Trans New Guinea,Nuclear Trans New Guinea > Kainantu-Goroka > Goroka > Nuclear Goroka > Fore-Gimi > Fore
fra,stan1290,French,Indo-European,Indo-European > Classical Indo-European > Italic > Latino-Faliscan > Latinic > Imperial Latin > Romance > Italo-Western Romance > Western Romance > Shifted Western Romance > Northwestern Shifted Romance > Gallo-Rhaetian > Oil > Central Oil > Macro-French > Global French > French
fue,borg1235,Borgu Fulfulde,Atlantic-Congo,Atlantic-Congo > North-Central Atlantic > Fula-Sereer > Fula > Borgu Fulfulde
fuf,pula1262,Pular,Atlantic-Congo,Atlantic-Congo > North-Central Atlantic > Fula-Sereer > Fula > Pular
fuh,west2454,Western Niger Fulfulde,Atlantic-Congo,Atlantic-Congo > North-Central Atlantic > Fula-Sereer > Fula > Western Niger Fulfulde
gah,alek1238,Alekano,Nuclear Trans New Guinea,Nuclear Trans New Guinea > Kainantu-Goroka > Goroka > Nuclear Goroka > Gahuku > Alekano
gai,bore1247,Borei,Ramu,Ramu > Lower Ramu > Ottilien > Borei
gam,kand1303,Kandawo,Nuclear Trans New Guinea,Nuclear Trans New Guinea > Chimbu-Wahgi > Jimi > Kandawo-Narak > Kandawo
gaq,gata1239,Gata',Austroasiatic,Austroasiatic > Mundaic > Gata'
gaw,nobo1238,Nobonob,Nuclear Trans New Guinea,Nuclear Trans New Guinea > Madang > Croisilles > Mabuso > Hanseman > Garuhic > Garuh-Foran > Nobonob
gax,bora1271,Borana-Arsi-Guji Oromo,Afro-Asiatic,Afro-Asiatic > Cushitic > East Cushitic > Lowland East Cushitic > Southern Lowland East Cushitic > Mainstream Lowland East Cushitic > Oromoid > Nuclear Oromo > Central-Eastern Oromo > Central-Tana Oromo > Borana-Arsi-Guji Oromo
gaz,west2721,West Central Oromo,Afro-Asiatic,Afro-Asiatic > Cushitic > East Cushitic > Lowland East Cushitic > Southern Lowland East Cushitic > Mainstream Lowland East Cushitic > Oromoid > Nuclear Oromo > West Central Oromo
gbl,gami1242,Gamit,Indo-European,Indo-European > Classical Indo-European > Indo-Iranian > Indo-Aryan > Middle-Modern Indo-Aryan > Continental Indo-Aryan > Midlands Indo-Aryan > Bhil > Gamit
gdf,gudu1252,Guduf-Gava,Afro-Asiatic,Afro-Asiatic > Chadic > Biu-Mandara > North Biu-Mandara > Margi-Mandara-Mofu > Mandaraic > Dghwedeic > Gudufic > Guduf-Gava
gdn,uman1240,Umanakaina,Dagan,Dagan > Umanakaina
gdr,wipi1242,Wipi,Eastern Trans-Fly,Eastern Trans-Fly > Binaturi > Wipi
geb,kire1240,Kire,Ramu,Ramu > Lower Ramu > Ruboni > Kire
gel,kagf1238,Ut-Main,Atlantic-Congo,Atlantic-Congo > Volta-Congo > Benue-Congo > Kainji > Central Kainji > Northwestern Kainji > Dukaic > Main-Gwamhi > Ut-Main
gfk,patp1243,Patpatar,Austronesian,Austronesian > Malayo-Polynesian > Eastern Malayo-Polynesian > Oceanic > Western Oceanic linkage > Meso Melanesian linkage > New Ireland-Northwest Solomonic linkage > St George linkage > Patpatar-Minigir-Tolai > Patpatar
ghn,ghan1242,Ghanongga,Austronesian,Austronesian > Malayo-Polynesian > Eastern Malayo-Polynesian > Oceanic > Western Oceanic linkage > Meso Melanesian linkage > New Ireland-Northwest Solomonic linkage > St George linkage > Northwest Solomonic > New Georgia > West New Georgia > Simboic > Ghanongga-Lungga > Ghanongga
ghs,guhu1244,Guhu-Samane,Nuclear Trans New Guinea,Nuclear Trans New Guinea > Greater Binanderean > Guhu-Samane
glk,gila1241,Gilaki,Indo-European,Indo-European > Classical Indo-European > Indo-Iranian > Iranian-Nuristani > Iranian > Central Iranian PBS > Central Iranian PB > Northwestern Iranian > Caspian > Gilaki-Rudbari > Gilaki
glw,glav1244,Glavda,Afro-Asiatic,Afro-Asiatic > Chadic > Biu-Mandara > North Biu-Mandara > Margi-Mandara-Mofu > Mandaraic > Wandala-Malgwa-Glavda > Glavda
gmv,gamo1243,Gamo,Ta-Ne-Omotic,Ta-Ne-Omotic > Ometo > North-West Ometo > Central Ometo > Dawro-Gofa-Gamo > Gamo
gng,ngan1299,Ngangam,Atlantic-Congo,Atlantic-Congo > Volta-Congo > North Volta-Congo > Gur > Central Gur > Northern Central Gur > Bwamu-Oti-Volta > Oti-Volta > Nuclear Oti-Volta > Gurma-Yom-Oti-Volta Occidental > Gurma-Yom-Naudem > Gurma > Gurma B > Konkomba-Gangam > Ngangam
gnn,guma1253,Gumatj,Pama-Nyungan,Pama-Nyungan > Yuulngu > Southern Yolngu > Southern-Eastern Yolngu > Dhuwal-Dhuwala > Western Dhuwal-Dhuwala > Gumatj
gnw,west2640,Western Bolivian Guaraní,Tupian,Tupian > Eastern Tupian > Maweti-Guarani > Aweti-Guarani > Tupi-Guarani > Southern Tupi-Guarani > Tupi-Guarani Subgroup I > Tupi-Guarani Subgroup I.B > Western Bolivian Guaraní
gof,gofa1235,Gofa,Ta-Ne-Omotic,Ta-Ne-Omotic > Ometo > North-West Ometo > Central Ometo > Dawro-Gofa-Gamo > Gofa
goj,gowl1242,Gowlan,Bookkeeping,Bookkeeping > Gowlan
gok,gowl1241,Gowli,Bookkeeping,Bookkeeping > Gowli
grc,anci1242,Ionic-Attic Ancient Greek,Indo-European,Indo-European > Classical Indo-European > Graeco-Phrygian > Greek > South Greek > Central Greek > Ionic-Attic Ancient Greek
gub,guaj1255,Guajajára,Tupian,Tupian > Eastern Tupian > Maweti-Guarani > Aweti-Guarani > Tupi-Guarani > Tupi-Guarani Subgroup IV > Tupi-Guarani Subgroup IV.B > Tenetehara > Guajajára
guh,guah1255,Sikuani,Guahiboan,Guahiboan > Nuclear Guahiboan > Central Guahibo > Guahibo-Playero > Sikuani
gui,east2555,Eastern Bolivian Guaraní,Tupian,Tupian > Eastern Tupian > Maweti-Guarani > Aweti-Guarani > Tupi-Guarani > Southern Tupi-Guarani > Tupi-Guarani Subgroup I > Tupi-Guarani Subgroup I.B > Chiriguanic > Eastern Bolivian Guaraní
guj,guja1252,Gujarati,Indo-European,Indo-European > Classical Indo-European > Indo-Iranian > Indo-Aryan > Middle-Modern Indo-Aryan > Continental Indo-Aryan > Midlands Indo-Aryan > Apabhramsic > Gujarati-Rajasthani > Gujaratic > Gujarati
gul,gull1241,Sea Island Creole English,Indo-European,Indo-European > Classical Indo-European > Germanic > Northwest Germanic > West Germanic > North Sea Germanic > Anglo-Frisian > Anglic > Later Anglic > Middle-Modern English > Macro-English > Guinea Coast Creole English > Caribbean English Creole > Eastern Caribbean Creole > Gullah-Nevis-Antigua > Gullah > Sea Island Creole English
gum,guam1248,Guambiano,Barbacoan,Barbacoan > Coconucan > Guambiano
gun,mbya1239,Mbyá Guaraní,Tupian,Tupian > Eastern Tupian > Maweti-Guarani > Aweti-Guarani > Tupi-Guarani > Southern Tupi-Guarani > Tupi-Guarani Subgroup I > Tupi-Guarani Subgroup I.A > Mbyá Guaraní
guo,guay1257,Guayabero,Guahiboan,Guahiboan > Guayabero
gup,gunw1252,Bininj Kun-Wok,Gunwinyguan,Gunwinyguan > Bininj Kun-Wok
gux,gour1243,Gourmanchéma,Atlantic-Congo,Atlantic-Congo > Volta-Congo > North Volta-Congo > Gur > Central Gur > Northern Central Gur > Bwamu-Oti-Volta > Oti-Volta > Nuclear Oti-Volta > Gurma-Yom-Oti-Volta Occidental > Gurma-Yom-Naudem > Gurma > Gurma B > Gourmantche-Moba > Gourmanchéma
gvc,guan1269,Kotiria,Tucanoan,Tucanoan > Eastern Tucanoan > Eastern Eastern Tucanoan > Eastern Eastern Tucanoan II > Kotiria-Piratapuyo > Kotiria
gvf,goli1247,Golin,Nuclear Trans New Guinea,Nuclear Trans New Guinea > Chimbu-Wahgi > Simbu > Nuclear Simbu > Golinic > Golin
gvn,kuku1273,Kuku-Yalanji,Pama-Nyungan,Pama-Nyungan > Yimidhirr-Yalanji-Yidinic > Yalandyic > Kuku-Yalanji
gvs,guma1254,Gumawana,Austronesian,Austronesian > Malayo-Polynesian > Eastern Malayo-Polynesian > Oceanic > Western Oceanic linkage > Papuan Tip linkage > Nuclear Papuan Tip linkage > North Papuan Mainland-D'Entrecasteaux linkage > Gumawana
gwi,gwic1235,Gwich'in,Athabaskan-Eyak-Tlingit,Athabaskan-Eyak-Tlingit > Athabaskan-Eyak > Athabaskan > Central Alaska-Yukon Athabaskan > Gwichin-Han > Gwich'in
gyl,gayi1237,Gayil,South Omotic,South Omotic > AHK > Aari-Gayil > Gayil
gym,ngab1239,Ngäbere,Chibchan,Chibchan > Core Chibchan > Isthmic Chibchan > Eastern Isthmic Chibchan > Guaymiic > Ngäbere
gyr,guar1292,Guarayu,Tupian,Tupian > Eastern Tupian > Maweti-Guarani > Aweti-Guarani > Tupi-Guarani > Southern Tupi-Guarani > Tupi-Guarani Subgroup II > Guarayu
gyz,nucl1692,Gyaazi,Afro-Asiatic,Afro-Asiatic > Chadic > West Chadic > West Chadic B > West Chadic B.3 > South Bauchi West > Northwest South Bauchi > Gejic > Gyaazi
hat,hait1244,Haitian,Indo-European,Indo-European > Classical Indo-European > Italic > Latino-Faliscan > Latinic > Imperial Latin > Romance > Italo-Western Romance > Western Romance > Shifted Western Romance > Northwestern Shifted Romance > Gallo-Rhaetian > Oil > Central Oil > Macro-French > Circum-Caribbean French > Haitian
hau,haus1257,Hausa,Afro-Asiatic,Afro-Asiatic > Chadic > West Chadic > West Chadic A > West Chadic A.1 > Hausa
hav,havu1238,Havu,Atlantic-Congo,Atlantic-Congo > Volta-Congo > Benue-Congo > Bantoid > Southern Bantoid > Narrow Bantu > East Bantu > Northeast Savanna Bantu > Great Lakes Bantu > Western Lakes Bantu > Kivu > Forest Kivu > Hunde-Havu > Havu
haw,hawa1245,Hawaiian,Austronesian,Austronesian > Malayo-Polynesian > Eastern Malayo-Polynesian > Oceanic > Central Pacific linkage > Tokalau Fijian > Polynesian > Nuclear Polynesian > Northern Outlier Polynesian-East Polynesian > Solomons Northern Outlier Polynesian-East Polynesian > Central Northern Outlier Polynesian-East Polynesian > East Polynesian > East Polynesian Proximal > Hawaiian
hbo,anci1244,Ancient Hebrew,Afro-Asiatic,Afro-Asiatic > Semitic > West Semitic > Central Semitic > Northwest Semitic > Canaanite > Hebrewic > Ancient Hebrew
hch,huic1243,Huichol,Uto-Aztecan,Uto-Aztecan > Southern Uto-Aztecan > Corachol-Aztecan > Corachol > Huichol
heb,hebr1245,Modern Hebrew,Afro-Asiatic,Afro-Asiatic > Semitic > West Semitic > Central Semitic > Northwest Semitic > Canaanite > Hebrewic > Modern Hebrew
heg,helo1243,Helong,Austronesian,Austronesian > Malayo-Polynesian > Timor-Babar > Helong
hil,hili1240,Hiligaynon,Austronesian,Austronesian > Malayo-Polynesian > Greater Central Philippine > Central Philippine > Bisayan > Central Bisayan > Peripheral Central Bisayan > Capiznon-Ilonggo-Kawayan > Hiligaynon
hin,hind1269,Hindi,Indo-European,Indo-European > Classical Indo-European > Indo-Iranian > Indo-Aryan > Middle-Modern Indo-Aryan > Continental Indo-Aryan > Midlands Indo-Aryan > Shaurasenic > Indo-Aryan Central zone > Western Hindi > Hindustani > Hindi
hix,hixk1239,Hixkaryána,Cariban,Cariban > Parukotoan > Waiwaian > Hixkaryána
hla,hali1244,Halia,Austronesian,Austronesian > Malayo-Polynesian > Eastern Malayo-Polynesian > Oceanic > Western Oceanic linkage > Meso Melanesian linkage > New Ireland-Northwest Solomonic linkage > St George linkage > Northwest Solomonic > North Bougainville Oceanic > Nuclear North Bougainville Oceanic > Buka > Haliaic > Halia
hlb,halb1244,Halbi,Indo-European,Indo-European > Classical Indo-European > Indo-Iranian > Indo-Aryan > Middle-Modern Indo-Aryan > Continental Indo-Aryan > Indo-Aryan Eastern zone > Halbic > Halbi
hlt,ngal1291,Nga La,Sino-Tibetan,Sino-Tibetan > Kuki-Chin-Naga > Kuki-Chin > Peripheral Kuki-Chin > South Peripheral Kuki-Chin > Choic > Nga La
hmo,hiri1237,Hiri Motu,Pidgin,Pidgin > Motu-based pidgin > Hiri Motu
hne,chha1249,Chhattisgarhi,Indo-European,Indo-European > Classical Indo-European > Indo-Iranian > Indo-Aryan > Middle-Modern Indo-Aryan > Continental Indo-Aryan > Midlands Indo-Aryan > Shaurasenic > Eastern Hindi > Chhattisgarhi
hns,cari1275,Caribbean Hindustani,Indo-European,Indo-European > Classical Indo-European > Indo-Iranian > Indo-Aryan > Middle-Modern Indo-Aryan > Continental Indo-Aryan > Midlands Indo-Aryan > Shaurasenic > Bihari > Magadhan > Bhojpuric > Caribbean Hindustani
hop,hopi1249,Hopi,Uto-Aztecan,Uto-Aztecan > Northern Uto-Aztecan > Hopi
hot,hote1245,Hote,Austronesian,Austronesian > Malayo-Polynesian > Eastern Malayo-Polynesian > Oceanic > Western Oceanic linkage > North New Guinea linkage > Huon Gulf > South Huon Gulf linkage > Misim-Yamap > Hote
hoy,holi1239,Holiya,Dravidian,Dravidian > South Dravidian > South Dravidian I > Tamil-Kannada > Badaga-Kannada > Kannadoid > Holiya
hre,hree1244,Hre,Austroasiatic,Austroasiatic > Bahnaric > North Bahnaric > Hre-Sedang-Todrah-Monam > Hre-Sedang > Hre
hru,hrus1242,Hruso,Hruso,Hruso
hrv,croa1245,Croatian Standard,Indo-European,Indo-European > Classical Indo-European > Balto-Slavic > Slavic > South Slavic > Western South Slavic > Serbian-Croatian-Bosnian > Shtokavski > New Shtokavian > Eastern Herzegovinian Shtokavian > Croatian Standard
hrw,anir1237,Warwar Feni,Austronesian,Austronesian > Malayo-Polynesian > Eastern Malayo-Polynesian > Oceanic > Western Oceanic linkage > Meso Melanesian linkage > New Ireland-Northwest Solomonic linkage > St George linkage > Tangga > Niwer Mil-Warwar Feni > Warwar Feni
hto,mini1256,Minica Huitoto,Huitotoan,Huitotoan > Nuclear Witotoan > Minica-Murui > Minica Huitoto
hub,huam1247,Huambisa,Chicham,Chicham > Shuaric > Huambisa-Shuar > Huambisa
hui,huli1244,Huli,Nuclear Trans New Guinea,Nuclear Trans New Guinea > Enga-Kewa-Huli > Kewa-Huli > Huli
hun,hung1274,Hungarian,Uralic,Uralic > Hungaric > Hungarian
hus,huas1242,Huastec,Mayan,Mayan > Huastecan Mayan > Huastec
huu,muru1274,Murui Huitoto,Huitotoan,Huitotoan > Nuclear Witotoan > Minica-Murui > Murui Huitoto
huv,sanm1287,San Mateo del Mar Huave,Huavean,Huavean > San Dionisio-San Mateo Huave > San Mateo del Mar Huave
hvn,sabu1255,Hawu,Austronesian,Austronesian > Malayo-Polynesian > Bima-Lembata > Sumba-Hawu > Hawu-Dhao > Hawu
hwo,hwan1240,Hwana,Afro-Asiatic,Afro-Asiatic > Chadic > Biu-Mandara > South Biu-Mandara > Teraic > Eastern Tera > Hwana
ian,iatm1242,Iatmul,Ndu,Ndu > Nuclear Ndu > Sawosic > Iatmulic > Iatmul
ibo,nucl1417,Igbo,Atlantic-Congo,Atlantic-Congo > Volta-Congo > Benue-Congo > Igboid > Nuclear Igboid > Central-Northern Igbo > Igbo
idc,idon1238,Idon,Atlantic-Congo,Atlantic-Congo > Volta-Congo > Benue-Congo > Benue-Congo Plateau > Northern Benue-Congo Plateau > Nuclear Northern Benue-Congo Plateau > Kuturmi-Ajiya > Idon
ign,igna1246,Ignaciano,Arawakan,Arawakan > Southern Maipuran > Bolivian Arawakan > Mojeno-Paunaca > Mojeño > Ignaciano
ikk,ikaa1238,Ika,Atlantic-Congo,Atlantic-Congo > Volta-Congo > Benue-Congo > Igboid > Nuclear Igboid > Central-Northern Igbo > Ika
ikw,ikwe1242,Ikwere,Atlantic-Congo,Atlantic-Congo > Volta-Congo > Benue-Congo > Igboid > Nuclear Igboid > Ikwere
ikz,ikiz1238,Ikizu,Atlantic-Congo,Atlantic-Congo > Volta-Congo > Benue-Congo > Bantoid > Southern Bantoid > Narrow Bantu > East Bantu > Northeast Savanna Bantu > Great Lakes Bantu > East Nyanza > Nyanza Mara > South Mara > Southwest Mara > Ikizu
ilo,ilok1237,Iloko,Austronesian,Austronesian > Malayo-Polynesian > Northern Luzon > Iloko
imo,imbo1238,Imbongu,Nuclear Trans New Guinea,Nuclear Trans New Guinea > Chimbu-Wahgi > Hagen > Aua-Gawil > Imbongu
inb,inga1252,Colombian Inga,Quechuan,Quechuan > Colombia-Ecuador Quechua > Ecuadorian Quechua B > Imbabura-Colombia-Oriente Quechua > Colombia-Oriente Quechua > Colombian Inga
ind,indo1316,Standard Indonesian,Austronesian,Austronesian > Malayo-Polynesian > Malayo-Chamic > Malayic > Nuclear Malayic > Standard Malay-Indonesian > Standard Indonesian
ino,inok1238,Inoke-Yate,Nuclear Trans New Guinea,Nuclear Trans New Guinea > Kainantu-Goroka > Goroka > Nuclear Goroka > Siane-Yagaria > Kamano-Yagaria > Inoke-Yate
iou,tuma1250,Tuma-Irumu,Nuclear Trans New Guinea,Nuclear Trans New Guinea > Finisterre-Huon > Finisterre-Saruwaged > Wantoatic > Tuma-Irumu
ipi,ipil1240,Ipili,Nuclear Trans New Guinea,Nuclear Trans New Guinea > Enga-Kewa-Huli > Engan > Ipili
isl,icel1247,Icelandic,Indo-European,Indo-European > Classical Indo-European > Germanic > Northwest Germanic > North Germanic > West Scandinavian > Icelandic-Faroese > Icelandic
isn,isan1243,Isanzu,Atlantic-Congo,Atlantic-Congo > Volta-Congo > Benue-Congo > Bantoid > Southern Bantoid > Narrow Bantu > East Bantu > Nyaturu-Nilamba > Isanzu
ita,ital1282,Italian,Indo-European,Indo-European > Classical Indo-European > Italic > Latino-Faliscan > Latinic > Imperial Latin > Romance > Italo-Western Romance > Italo-Dalmatian > Italian Romance > Central Italian Romance > Italian
iws,sepi1255,Sepik Iwam,Sepik,Sepik > Iwam-Wogamus > Iwamic > Sepik Iwam
ixl,ixil1251,Ixil,Mayan,Mayan > Core Mayan > Quichean-Mamean > Greater Mamean > Ixilan > Ixil
iyx,yaka1274,Yaka (Congo),Atlantic-Congo,Atlantic-Congo > Volta-Congo > Benue-Congo > Bantoid > Southern Bantoid > Narrow Bantu > Central-Western Bantu > West-Coastal Bantu > Nzadic > Lweric > Dingic > Loange-Atlantic > Kwilu-Ngounie > Kasai-Ngounie > Moyen Kasai-Ngounie > Interior Kasai-Ngounie > West Kasai-Ngounie > Northwest Kasai-Ngounie > Nzebi-Laali-Yaa > Laali-Yaa > Yaka (Congo)
jac,popt1235,Popti',Mayan,Mayan > Core Mayan > Western Mayan > Kanjobalan-Chujean > Kanjobalan > Kanjobal-Jacaltec > Popti'
jae,yabe1254,Yabem,Austronesian,Austronesian > Malayo-Polynesian > Eastern Malayo-Polynesian > Oceanic > Western Oceanic linkage > North New Guinea linkage > Huon Gulf > North Huon Gulf linkage > Yabem
jao,yany1243,Yanyuwa,Pama-Nyungan,Pama-Nyungan > Ngarna > Yanyuwa
jic,toll1241,Tol,Jicaquean,Jicaquean > Tol
jid,buuu1244,Bu,Atlantic-Congo,Atlantic-Congo > Volta-Congo > Benue-Congo > Benue-Congo Plateau > Ninzic > Bu
jiv,shua1257,Shuar,Chicham,Chicham > Shuaric > Huambisa-Shuar > Shuar
jni,janj1240,Janji,Atlantic-Congo,Atlantic-Congo > Volta-Congo > Benue-Congo > Kainji > Central Kainji > Basa-Eastern Kainji > Eastern Kainji > Jos > Northern Jos > North-Central Jos > Janji
jnj,yems1235,Yemsa,Ta-Ne-Omotic,Ta-Ne-Omotic > Yemsa
jpn,nucl1643,Japanese,Japonic,Japonic > Japanesic > Japan-Taiwan Japanese > Japanese
jum,jumj1238,Jumjum,Nilotic,Nilotic > Western Nilotic > Burun > Southern Burun > Jumjum
juy,jura1242,Juray,Austroasiatic,Austroasiatic > Mundaic > Sora-Juray-Gorum > Sora-Juray > Juray
jvn,cari1276,Caribbean Javanese,Austronesian,Austronesian > Malayo-Polynesian > Javanesic > Modern Javanese > Global Javanese > Caribbean Javanese
kan,nucl1305,Kannada,Dravidian,Dravidian > South Dravidian > South Dravidian I > Tamil-Kannada > Badaga-Kannada > Kannadoid > Nuclear Kannaoid > Kannada
kaq,capa1241,Capanahua,Pano-Tacanan,Pano-Tacanan > Panoan > Mainline Pano > Pano Nawa > Chama subgroup > Shipibo-Konibo-Kapanawa > Capanahua
kbc,kadi1248,Kadiwéu,Guaicuruan,Guaicuruan > Kadiwéu
kbh,cams1241,Camsá,Camsá,Camsá
kbm,iwal1237,Iwal,Austronesian,Austronesian > Malayo-Polynesian > Eastern Malayo-Polynesian > Oceanic > Western Oceanic linkage > North New Guinea linkage > Huon Gulf > South Huon Gulf linkage > Iwal
kbq,kama1370,Kamano,Nuclear Trans New Guinea,Nuclear Trans New Guinea > Kainantu-Goroka > Goroka > Nuclear Goroka > Siane-Yagaria > Kamano-Yagaria > Kamano
kca,khan1273,Kazym-Berezover-Suryskarer Khanty,Uralic,Uralic > Khantyic > Northern Khanty > Kazym-Berezover-Suryskarer Khanty
kdc,kutu1263,Kutu,Atlantic-Congo,Atlantic-Congo > Volta-Congo > Benue-Congo > Bantoid > Southern Bantoid > Narrow Bantu > East Bantu > Northeast Savanna Bantu > Northeast Coastal Bantu > Ruvu > East Ruvu > Central East Ruvu > Kutu-Zaramo > Kutu
kde,mako1251,Makonde,Atlantic-Congo,Atlantic-Congo > Volta-Congo > Benue-Congo > Bantoid > Southern Bantoid > Narrow Bantu > East Bantu > Rufiji-Ruvuma > Ruvuma > Makondic > Makonde
kdl,tsik1238,Tsikimba,Atlantic-Congo,Atlantic-Congo > Volta-Congo > Benue-Congo > Kainji > Central Kainji > Kambari-Cicipu > Kambaric > West Kambaric > Tsikimba
kek,kekc1242,Q'eqchi',Mayan,Mayan > Core Mayan > Quichean-Mamean > Greater Quichean > Q'eqchi'
ken,keny1279,Kenyang,Atlantic-Congo,Atlantic-Congo > Volta-Congo > Benue-Congo > Bantoid > Southern Bantoid > Mamfe > Kenyang
kew,west2599,West Kewa,Nuclear Trans New Guinea,Nuclear Trans New Guinea > Enga-Kewa-Huli > Kewa-Huli > Sau-Angal-Kewa > Angal-Kewa > Kewa > West Kewa
kfc,kond1295,Konda-Dora,Dravidian,Dravidian > South Dravidian > South Dravidian II > Konda-Kui > Konda-Dora
kff,koya1251,Koya,Dravidian,Dravidian > South Dravidian > South Dravidian II > Gondi > Southeast Gondi > South Bastar Gondi-Koya > Koya
kfw,khar1288,Kharam Naga,Sino-Tibetan,Sino-Tibetan > Kuki-Chin-Naga > Kuki-Chin > Northwestern Kuki-Chin > Central Old Kuki > Kharam Naga
kgf,kube1244,Kulungtfu-Yuanggeng-Tobo,Nuclear Trans New Guinea,Nuclear Trans New Guinea > Finisterre-Huon > Huon > Western Huon > Rawlinson > Pindiu > Kulungtfu-Yuanggeng-Tobo
kgk,kaiw1246,Kaiwá,Tupian,Tupian > Eastern Tupian > Maweti-Guarani > Aweti-Guarani > Tupi-Guarani > Southern Tupi-Guarani > Tupi-Guarani Subgroup I > Tupi-Guarani Subgroup I.A > Paraguay-Brazil Guarani > Kaiowa > Kaiwá
kgp,kain1272,Kaingang,Nuclear-Macro-Je,Nuclear-Macro-Je > Je > Southern Je > Kaingang-Xokleng > Kaingangic > Kaingang
khj,kutu1262,Kuturmi,Atlantic-Congo,Atlantic-Congo > Volta-Congo > Benue-Congo > Benue-Congo Plateau > Northern Benue-Congo Plateau > Nuclear Northern Benue-Congo Plateau > Kuturmi-Ajiya > Kuturmi
khs,kasu1251,Kasua,Bosavi,Bosavi > Bosavi Watershed > Kasua
khz,keap1239,Keapara,Austronesian,Austronesian > Malayo-Polynesian > Eastern Malayo-Polynesian > Oceanic > Western Oceanic linkage > Papuan Tip linkage > Peripheral Papuan Tip linkage > Central Papuan Oceanic > Sinagoro-Keapara > Hula-Keapara > Keapara
kij,kili1267,Kilivila,Austronesian,Austronesian > Malayo-Polynesian > Eastern Malayo-Polynesian > Oceanic > Western Oceanic linkage > Papuan Tip linkage > Peripheral Papuan Tip linkage > Kilivila-Misima > Kilivilic > Kilivila-Muyuw > Kilivila
kik,kiku1240,Kikuyu,Atlantic-Congo,Atlantic-Congo > Volta-Congo > Benue-Congo > Bantoid > Southern Bantoid > Narrow Bantu > East Bantu > Northeast Savanna Bantu > Central Kenya Bantu > Gikuyu-Temi > Kikuyu
kiw,nort2930,Northeast Kiwai,Kiwaian,Kiwaian > Northeast Kiwai
kiz,kisi1243,Kisi,Atlantic-Congo,Atlantic-Congo > Volta-Congo > Benue-Congo > Bantoid > Southern Bantoid > Narrow Bantu > East Bantu > Northeast Savanna Bantu > Southern Tanzania Highlands Bantu > Kisi-Pangwa > Kisi
kje,kisa1266,Kisar,Austronesian,Austronesian > Malayo-Polynesian > Timor-Babar > Southwest Maluku > Luangic-Kisaric > Kisaric > Kisar
kjs,east2516,East Kewa,Nuclear Trans New Guinea,Nuclear Trans New Guinea > Enga-Kewa-Huli > Kewa-Huli > Sau-Angal-Kewa > Angal-Kewa > Kewa > Southeast Kewa > East Kewa
kkc,odoo1238,Odoodee,East Strickland,East Strickland > Odoodee
kkl,kosa1249,Kosarek Yale,Nuclear Trans New Guinea,Nuclear Trans New Guinea > Mek > Western Mek > Northwestern Mek > Kosarek Yale
klg,taga1268,Tagakaulu Kalagan,Austronesian,Austronesian > Malayo-Polynesian > Greater Central Philippine > Central Philippine > Mansakan > Western Mansakan > Tagakaulu Kalagan
klt,nukn1238,Nukna,Nuclear Trans New Guinea,Nuclear Trans New Guinea > Finisterre-Huon > Finisterre-Saruwaged > Uruwa > Nukna
klv,mask1242,Maskelynes,Austronesian,Austronesian > Malayo-Polynesian > Eastern Malayo-Polynesian > Oceanic > North and Central Vanuatu > Central Vanuatu > Malakula > Eastern Malakula linkage > Central-Southeast Malakula > Southeastern Malakula linkage > Maskelynes
kmg,kate1253,Kâte,Nuclear Trans New Guinea,Nuclear Trans New Guinea > Finisterre-Huon > Huon > Eastern Huon > Trans Vitiaz > Huon Tip > Kate-Mape > Kâte
kmh,kala1397,Kalam,Nuclear Trans New Guinea,Nuclear Trans New Guinea > Madang > Kalamic-South Adelbert > Kalam-Kobon > Etp-Ti Kalam > Kalam
kmk,limo1248,Limos Kalinga,Austronesian,Austronesian > Malayo-Polynesian > Northern Luzon > Meso-Cordilleran > South-Central Cordilleran > Central Cordilleran > Kalinga-Itneg > Kalinga > Northern Kalinga > Limos Kalinga
kmo,kwom1262,Kwoma,Sepik,Sepik > Nukuma > Kwoma
kms,kama1367,Kamasau,Nuclear Torricelli,Nuclear Torricelli > Marienberg > Elepi-Kamasau-Marienberg > Kamasau
kmu,kani1286,Kanite,Nuclear Trans New Guinea,Nuclear Trans New Guinea > Kainantu-Goroka > Goroka > Nuclear Goroka > Siane-Yagaria > Kamano-Yagaria > Kanite
kne,kank1243,Kankanaey,Austronesian,Austronesian > Malayo-Polynesian > Northern Luzon > Meso-Cordilleran > South-Central Cordilleran > Central Cordilleran > Nuclear Cordilleran > Bontok-Kankanay > Kankanay > Kankanaey
knf,mank1251,Mankanya,Atlantic-Congo,Atlantic-Congo > North-Central Atlantic > Central Atlantic > Bak > Joola-Manjaku > Manjaku-Mankanya-Pepel > Mankanya
knj,west2635,Akateko,Mayan,Mayan > Core Mayan > Western Mayan > Kanjobalan-Chujean > Kanjobalan > Kanjobal-Jacaltec > Akateko
knv,tabo1241,Tabo,Tabo,Tabo
kor,kore1280,Korean,Koreanic,Koreanic > Korean
kos,kosr1238,Kosraean,Austronesian,Austronesian > Malayo-Polynesian > Eastern Malayo-Polynesian > Oceanic > Micronesian > Kosraean-Nauruan > Kosraean
kpf,komb1273,Komba,Nuclear Trans New Guinea,Nuclear Trans New Guinea > Finisterre-Huon > Huon > Western Huon > Cromwell > Kabwum > Selepet-Komba > Komba
kpg,kapi1249,Kapingamarangi,Austronesian,Austronesian > Malayo-Polynesian > Eastern Malayo-Polynesian > Oceanic > Central Pacific linkage > Tokalau Fijian > Polynesian > Nuclear Polynesian > Northern Outlier Polynesian-East Polynesian > Carolinean Outlier Polynesian > Kapingamarangi
kpj,kara1500,Karajá,Nuclear-Macro-Je,Nuclear-Macro-Je > Karajá
kpr,kora1294,Korafe-Yegha,Nuclear Trans New Guinea,Nuclear Trans New Guinea > Greater Binanderean > Binanderean > Nuclear Binanderean > South Binanderean > Coastal Binanderean > Gaena-Korafe > Korafe-Yegha
kpw,kobo1249,Kobon,Nuclear Trans New Guinea,Nuclear Trans New Guinea > Madang > Kalamic-South Adelbert > Kalam-Kobon > Kobon
kpx,moun1252,Mountain Koiali,Koiarian,Koiarian > Koiaric > Biage-Mountain Koiali > Mountain Koiali
kqa,mumm1238,Mum,Nuclear Trans New Guinea,Nuclear Trans New Guinea > Madang > Kalamic-South Adelbert > South Adelbert > Sogeram > North Sogeram > Mum
kqc,doro1266,Doromu-Koki,Manubaran,Manubaran > Doromu-Koki
kqf,kaka1267,Kakabai,Austronesian,Austronesian > Malayo-Polynesian > Eastern Malayo-Polynesian > Oceanic > Western Oceanic linkage > Papuan Tip linkage > Nuclear Papuan Tip linkage > North Papuan Mainland-D'Entrecasteaux linkage > Kakabai linkage > Kakabai
kql,kyen1243,Kyenele,Yuat,Yuat > Miyak-Bun-Biwat > Kyenele
kqw,kand1301,Kandas,Austronesian,Austronesian > Malayo-Polynesian > Eastern Malayo-Polynesian > Oceanic > Western Oceanic linkage > Meso Melanesian linkage > New Ireland-Northwest Solomonic linkage > St George linkage > Kandas-Duke of York > Kandas
krh,kura1249,Kurama,Atlantic-Congo,Atlantic-Congo > Volta-Congo > Benue-Congo > Kainji > Central Kainji > Basa-Eastern Kainji > Eastern Kainji > Jos > Kauru > Kurama
ksd,kuan1248,Kuanua,Austronesian,Austronesian > Malayo-Polynesian > Eastern Malayo-Polynesian > Oceanic > Western Oceanic linkage > Meso Melanesian linkage > New Ireland-Northwest Solomonic linkage > St George linkage > Patpatar-Minigir-Tolai > Minigir-Tolai > Kuanua
ksj,uare1241,Uare,Kwalean,Kwalean > Humene-Kwale > Uare
ksr,boro1279,Borong,Nuclear Trans New Guinea,Nuclear Trans New Guinea > Finisterre-Huon > Huon > Western Huon > Rawlinson > Pindiu > Kosorong-Burum-Mindik > Borong
ktm,kurt1250,Kurti,Austronesian,Austronesian > Malayo-Polynesian > Eastern Malayo-Polynesian > Oceanic > Admiralty Islands > Eastern Admiralty Islands > Manus > East Manus > Kurti-Kele-Ere > Kurti-Elu > Kurti
kto,kuot1243,Kuot,Kuot,Kuot
kud,auhe1237,'Auhelawa,Austronesian,Austronesian > Malayo-Polynesian > Eastern Malayo-Polynesian > Oceanic > Western Oceanic linkage > Papuan Tip linkage > Nuclear Papuan Tip linkage > Suauic > 'Auhelawa
kue,kuma1280,Kuman,Nuclear Trans New Guinea,Nuclear Trans New Guinea > Chimbu-Wahgi > Simbu > Nuclear Simbu > Kuman-Dom-Gunaa > Kuman
kup,kuni1267,Kunimaipa,Kunimaipan,Kunimaipan > Kunimaipa
kvg,kuni1265,Kuni-Boazi,Anim,Anim > Marind-Boazi-Yaqai > Boazi > Kuni-Boazi
kvn,bord1248,Border Kuna,Chibchan,Chibchan > Core Chibchan > Isthmic Chibchan > Eastern Isthmic Chibchan > Kuna > Border Kuna
kwd,kwai1243,Kwaio,Austronesian,Austronesian > Malayo-Polynesian > Eastern Malayo-Polynesian > Oceanic > Southeast Solomonic > Longgu-Malaita-Makira > Malaita-Makira > Malaita > Central-Northern Malaita > Kwaio
kwf,kwar1239,Kwara'ae,Austronesian,Austronesian > Malayo-Polynesian > Eastern Malayo-Polynesian > Oceanic > Southeast Solomonic > Longgu-Malaita-Makira > Malaita-Makira > Malaita > Central-Northern Malaita > Kwara'ae
kwi,awac1239,Awa-Cuaiquer,Barbacoan,Barbacoan > Awa-Southern Barbacoan > Awa-Cuaiquer
kwj,kwan1278,Kwanga,Sepik,Sepik > Nukuma > Kwanga-Mende > Kwanga
kwo,nucl1593,Kwomtari,Kwomtari-Nai,Kwomtari-Nai > Kwomtari
kxv,kuvi1243,Kuvi,Dravidian,Dravidian > South Dravidian > South Dravidian II > Konda-Kui > Manda-Kui > Kui-Kuvi > Kuvi
kxw,kona1242,Konai,East Strickland,East Strickland > Konai
kyc,kyak1244,Kyaka,Nuclear Trans New Guinea,Nuclear Trans New Guinea > Enga-Kewa-Huli > Engan > Kyaka
kyf,kouy1238,Kouya,Kru,Kru > Eastern Kru > Beteic > Eastern Bete > Kouya
kyg,keya1238,Keyagana,Nuclear Trans New Guinea,Nuclear Trans New Guinea > Kainantu-Goroka > Goroka > Nuclear Goroka > Siane-Yagaria > Kamano-Yagaria > Keyagana
kyq,keng1240,Kenga,Central Sudanic,Central Sudanic > Sara-Bongo-Bagirmi > SBB Occidental > Nuclear SBB Occidental > Saraic > Bagirmic > Kenga
kyz,kaya1329,Kayabí,Tupian,Tupian > Eastern Tupian > Maweti-Guarani > Aweti-Guarani > Tupi-Guarani > Tupi-Guarani Subgroup VI > Kayabí
kze,kose1239,Kosena,Bookkeeping,Bookkeeping > Kosena
lac,laca1243,Lacandon,Mayan,Mayan > Core Mayan > Yucatecan > Nuclear Yucatecan > Yucatec-Lacandon > Lacandon
lag,lang1320,Langi,Atlantic-Congo,Atlantic-Congo > Volta-Congo > Benue-Congo > Bantoid > Southern Bantoid > Narrow Bantu > East Bantu > Mbugwe-Langi > Langi
lat,lati1261,Latin,Indo-European,Indo-European > Classical Indo-European > Italic > Latino-Faliscan > Latinic > Imperial Latin > Latin
lbb,labe1239,Label,Austronesian,Austronesian > Malayo-Polynesian > Eastern Malayo-Polynesian > Oceanic > Western Oceanic linkage > Meso Melanesian linkage > New Ireland-Northwest Solomonic linkage > St George linkage > Label-Bilur > Label
lbk,cent2292,Central Bontoc,Austronesian,Austronesian > Malayo-Polynesian > Northern Luzon > Meso-Cordilleran > South-Central Cordilleran > Central Cordilleran > Nuclear Cordilleran > Bontok-Kankanay > Bontok > Central Bontoc
lbm,lodh1246,Lodhi,Indo-European,Indo-European > Classical Indo-European > Indo-Iranian > Indo-Aryan > Middle-Modern Indo-Aryan > Continental Indo-Aryan > Indo-Aryan Eastern zone > Oriya-Gauda-Kamrupa > Gauda-Kamrupa > Gauda-Banga > Lodhi
lcm,tung1290,Tungag,Austronesian,Austronesian > Malayo-Polynesian > Eastern Malayo-Polynesian > Oceanic > Western Oceanic linkage > Meso Melanesian linkage > New Ireland-Northwest Solomonic linkage > Tungak-Nalik > Tungag
ldb,idun1241,Dũya,Atlantic-Congo,Atlantic-Congo > Volta-Congo > Benue-Congo > Benue-Congo Plateau > West-Central Benue-Congo Plateau > Northwestern Benue-Congo Plateau > Koroic > Duyaic > Dũya
leu,kara1486,Kara (Papua New Guinea),Austronesian,Austronesian > Malayo-Polynesian > Eastern Malayo-Polynesian > Oceanic > Western Oceanic linkage > Meso Melanesian linkage > New Ireland-Northwest Solomonic linkage > Tungak-Nalik > Kara (Papua New Guinea)
lex,luan1263,Luang,Austronesian,Austronesian > Malayo-Polynesian > Timor-Babar > Southwest Maluku > Luangic-Kisaric > Luangic > Luang
lga,lung1249,Lungga,Austronesian,Austronesian > Malayo-Polynesian > Eastern Malayo-Polynesian > Oceanic > Western Oceanic linkage > Meso Melanesian linkage > New Ireland-Northwest Solomonic linkage > St George linkage > Northwest Solomonic > New Georgia > West New Georgia > Simboic > Ghanongga-Lungga > Lungga
lgl,wala1266,Wala,Austronesian,Austronesian > Malayo-Polynesian > Eastern Malayo-Polynesian > Oceanic > Southeast Solomonic > Longgu-Malaita-Makira > Malaita-Makira > Malaita > Central-Northern Malaita > Wala
lid,nyin1250,Nyindrou,Austronesian,Austronesian > Malayo-Polynesian > Eastern Malayo-Polynesian > Oceanic > Admiralty Islands > Eastern Admiralty Islands > Manus > West Manus > West Manus I > Nyindrou
lif,limb1266,Limbu,Sino-Tibetan,Sino-Tibetan > Himalayish > Mahakiranti > Kiranti > Eastern Kiranti > Tamar > Limbu
lin,ling1263,Kinshasa Lingala,Atlantic-Congo,Atlantic-Congo > Volta-Congo > Benue-Congo > Bantoid > Southern Bantoid > Narrow Bantu > Central-Western Bantu > North Zaire River > Rivers Bantu > Ngiri > Ngiri Riverain Ubangi > Ngiri Riverain Ubangi-Ripuaire > Bobangic > Bobangic Riverain > Bobangi-Bangala-Lingala > Lingala-Bangala > Kinshasa Lingala
lit,lith1251,Lithuanian,Indo-European,Indo-European > Classical Indo-European > Balto-Slavic > Eastern Baltic > Lithuanian
llg,lole1239,Lole,Austronesian,Austronesian > Malayo-Polynesian > Timor-Babar > Rote-Meto > Nuclear Rote > Lole
lth,labw1238,Labwor,Nilotic,Nilotic > Western Nilotic > Lwoo > Southern Lwoo > Acoli > Labwor
lug,gand1255,Ganda,Atlantic-Congo,Atlantic-Congo > Volta-Congo > Benue-Congo > Bantoid > Southern Bantoid > Narrow Bantu > East Bantu > Northeast Savanna Bantu > Great Lakes Bantu > West Nyanza > North Nyanza > Ganda
luo,luok1236,Luo (Kenya and Tanzania),Nilotic,Nilotic > Western Nilotic > Lwoo > Southern Lwoo > Adhola-Alur-Luo > Adhola-Luo > Luo (Kenya and Tanzania)
lww,lewo1242,Lewo,Austronesian,Austronesian > Malayo-Polynesian > Eastern Malayo-Polynesian > Oceanic > North and Central Vanuatu > Central Vanuatu > Epi-Efate > Epi > Lamenu-Lewo > Lewo
lyn,luya1241,Luyi,Atlantic-Congo,Atlantic-Congo > Volta-Congo > Benue-Congo > Bantoid > Southern Bantoid > Narrow Bantu > Central-Western Bantu > Greater Luyana > Eastern Greater Luyana > Luyi
maa,sanj1286,San Jerónimo Tecóatl Mazatec,Otomanguean,Otomanguean > Eastern Otomanguean > Popoloca-Zapotecan > Popolocan-Mazatecan > Mazatecan > Northwest Alta Mazatec > San Jerónimo Tecóatl Mazatec
maj,jala1237,Jalapa De Díaz Mazatec,Otomanguean,Otomanguean > Eastern Otomanguean > Popoloca-Zapotecan > Popolocan-Mazatecan > Mazatecan > Valley Mazatec > Jalapa De Díaz Mazatec
mal,mala1464,Malayalam,Dravidian,Dravidian > South Dravidian > South Dravidian I > Tamil-Kannada > Tamil-Kota > Tamil-Toda > Tamil-Irula > Tamil-Kodagu > Tamil-Malayalam > Malayalamoid > Malayalam
mam,mamm1241,Mam,Mayan,Mayan > Core Mayan > Quichean-Mamean > Greater Mamean > Mamean > Mam
maq,chiq1250,Chiquihuitlán Mazatec,Otomanguean,Otomanguean > Eastern Otomanguean > Popoloca-Zapotecan > Popolocan-Mazatecan > Mazatecan > Chiquihuitlán Mazatec
mar,mara1378,Marathi,Indo-European,Indo-European > Classical Indo-European > Indo-Iranian > Indo-Aryan > Middle-Modern Indo-Aryan > Continental Indo-Aryan > Indo-Aryan Southern zone > Marathic > Marathi-Konkani > Old-Modern Marathi > Modern Marathi > Marathi
mau,huau1238,Huautla Mazatec,Otomanguean,Otomanguean > Eastern Otomanguean > Popoloca-Zapotecan > Popolocan-Mazatecan > Mazatecan > Central Mazatec > Huautla Mazatec
mav,sate1243,Sateré-Mawé,Tupian,Tupian > Eastern Tupian > Maweti-Guarani > Sateré-Mawé
maz,cent2144,Central Mazahua,Otomanguean,Otomanguean > Western Otomanguean > Otopame-Chinantecan > Otopamean > Otomian > Mazahua > Central Mazahua
mbb,west2555,Western Bukidnon Manobo,Austronesian,Austronesian > Malayo-Polynesian > Greater Central Philippine > Manobo > Central and Southern Manobo > East-West-Central Manobo > West Manobo > WBM-Livunganen-Ilianen > Western Bukidnon Manobo
mbc,macu1259,Macushi,Cariban,Cariban > Venezuelan Cariban > Pemong-Panare > Pemongan > Macushi
mbh,mang1403,Mangseng,Austronesian,Austronesian > Malayo-Polynesian > Eastern Malayo-Polynesian > Oceanic > Western Oceanic linkage > North New Guinea linkage > Ngero-Vitiaz linkage > Vitiaz linkage > Southwest New Britain linkage > Arawe-Pasismanua > Bebeli-Mangseng > Mangseng
mbj,nade1244,Nadëb,Naduhup,Naduhup > Nadëb
mbl,maxa1247,Maxakalí,Nuclear-Macro-Je,Nuclear-Macro-Je > Maxakali-Borum > Maxakalian > Nuclear Maxakalian > Maxakalí
mbs,sara1327,Sarangani Manobo,Austronesian,Austronesian > Malayo-Polynesian > Greater Central Philippine > Manobo > Central and Southern Manobo > South Manobo > Sarangani-Tasaday-Cotabato > Sarangani Manobo
mbt,mati1250,Matigsalug Manobo,Austronesian,Austronesian > Malayo-Polynesian > Greater Central Philippine > Manobo > Central and Southern Manobo > East-West-Central Manobo > East and Central Manobo > Central Manobo > Matigsalug Manobo
mbu,mbul1260,Mbula-Bwazza,Atlantic-Congo,Atlantic-Congo > Volta-Congo > Benue-Congo > Bantoid > Southern Bantoid > Jarawan > Nigerian Jarawan > Numan > Mbula-Bwazza
mca,maca1260,Maká,Mataguayan,Mataguayan > Mataguayo I > Maká
mcb,mach1267,Machiguenga,Arawakan,Arawakan > Southern Maipuran > Kampa-Amuesha > Pre-Andine Maipuran > Asha-Ashe-Kak-Matsi-Nan > Matsi-Nan > Machiguenga
mcd,shar1245,Sharanahua,Pano-Tacanan,Pano-Tacanan > Panoan > Mainline Pano > Pano Nawa > Headwaters Pano > Yaminawa Complex > Sharanahua
mcf,mats1244,Matsés,Pano-Tacanan,Pano-Tacanan > Panoan > Mayoruna Branch > Mayo Group > Matses subgroup > Matsés
mco,coat1238,Coatlán Mixe,Mixe-Zoque,Mixe-Zoque > Mixe > Oaxaca Mixe > Lowland-Midland-South Highland Mixe > Lowland-Midland Mixe > Lowland Mixe > Coatlán Mixe
mcp,maka1304,Makaa,Atlantic-Congo,Atlantic-Congo > Volta-Congo > Benue-Congo > Bantoid > Southern Bantoid > Narrow Bantu > Bantu A-B10-B20-B30 > Makaa-Kako (A.80-90) > Makaa-Njem (A.80) > Western A80 > Makaaic > North-Central Makaaic > Makaa
mcq,esee1247,Ese,Koiarian,Koiarian > Baraic > Ese
mcr,meny1245,Menya,Angan,Angan > Nuclear Angan > Kapau-Menya > Menya
mdy,male1284,Male (Ethiopia),Ta-Ne-Omotic,Ta-Ne-Omotic > Ometo > North-West Ometo > Male (Ethiopia)
med,melp1238,Melpa,Nuclear Trans New Guinea,Nuclear Trans New Guinea > Chimbu-Wahgi > Hagen > Melpa-Tembagla > Melpa
mee,meng1267,Mengen,Austronesian,Austronesian > Malayo-Polynesian > Eastern Malayo-Polynesian > Oceanic > Western Oceanic linkage > North New Guinea linkage > Ngero-Vitiaz linkage > Vitiaz linkage > Mengenic > Mamusa-Mengen > Mengen
mek,meke1243,Mekeo,Austronesian,Austronesian > Malayo-Polynesian > Eastern Malayo-Polynesian > Oceanic > Western Oceanic linkage > Papuan Tip linkage > Peripheral Papuan Tip linkage > Central Papuan Oceanic > West Central Papuan linkage > Nuclear West Central Papuan linkage > Mekeo
meq,mere1246,Merey,Afro-Asiatic,Afro-Asiatic > Chadic > Biu-Mandara > North Biu-Mandara > Margi-Mandara-Mofu > Mofuic > Meri > Dugwor-Merey > Merey
met,mato1252,Mato,Austronesian,Austronesian > Malayo-Polynesian > Eastern Malayo-Polynesian > Oceanic > Western Oceanic linkage > North New Guinea linkage > Ngero-Vitiaz linkage > Vitiaz linkage > Bel-Roinji-Nenaya > Mato
meu,motu1246,Motu,Austronesian,Austronesian > Malayo-Polynesian > Eastern Malayo-Polynesian > Oceanic > Western Oceanic linkage > Papuan Tip linkage > Peripheral Papuan Tip linkage > Central Papuan Oceanic > West Central Papuan linkage > Motu
mey,hass1238,Hassaniyya,Afro-Asiatic,Afro-Asiatic > Semitic > West Semitic > Central Semitic > Arabian > Arabic > North African Arabic > Western Middle Arabic > Hassaniyya
mfm,marg1266,Marghi South,Afro-Asiatic,Afro-Asiatic > Chadic > Biu-Mandara > North Biu-Mandara > Margi-Mandara-Mofu > Bura-Marghi > Marghic > Kilba-South Margi > Marghi South
mfo,mbee1249,Mbe,Atlantic-Congo,Atlantic-Congo > Volta-Congo > Benue-Congo > Bantoid > Southern Bantoid > Ekoid-Mbe > Mbe
mfx,melo1242,Melo,Ta-Ne-Omotic,Ta-Ne-Omotic > Ometo > North-West Ometo > Central Ometo > Melo
mgc,moro1284,Morokodo,Central Sudanic,Central Sudanic > Sara-Bongo-Bagirmi > Baka-Beli > Morokodo-Beli > Gberi-Morokodo-Mittu > Morokodo
mgh,makh1261,Makhuwa-Meetto,Atlantic-Congo,Atlantic-Congo > Volta-Congo > Benue-Congo > Bantoid > Southern Bantoid > Narrow Bantu > East Bantu > North Mozambique Bantu > Makua-Lomwe > Makhuwa-Meetto
mgj,abur1244,Abureni,Atlantic-Congo,Atlantic-Congo > Volta-Congo > Benue-Congo > Delta Cross > Central Delta > Unclassified Central Delta > Abureni
mgv,mate1258,Matengo,Atlantic-Congo,Atlantic-Congo > Volta-Congo > Benue-Congo > Bantoid > Southern Bantoid > Narrow Bantu > East Bantu > Rufiji-Ruvuma > Rufijic > Matengo-Rufiji > South Mbinda > Matengo
mgw,matu1259,Matumbi,Atlantic-Congo,Atlantic-Congo > Volta-Congo > Benue-Congo > Bantoid > Southern Bantoid > Narrow Bantu > East Bantu > Rufiji-Ruvuma > Rufijic > Matengo-Rufiji > Matandu > Matumbi
mhl,mauw1238,Mauwake,Nuclear Trans New Guinea,Nuclear Trans New Guinea > Madang > Croisilles > Greater Northern Adelbert > Northern Adelbert > Kumil-Tibor > Kumil > Mauwake
mib,atat1238,Atatláhuca Mixtec,Otomanguean,Otomanguean > Eastern Otomanguean > Amuzgo-Mixtecan > Mixtecan > Mixtec-Cuicatec > Mixtec > Western Alta Mixtec > Southwestern Alta Mixtec > Chalcatongic > Atatlahuca-Monteverde > Atatláhuca Mixtec
mic,mikm1235,Mi'kmaq,Algic,Algic > Algonquian-Blackfoot > Algonquian > Eastern Algonquian > Maritimes-Southern New England Algonquian > Northern Eastern Algonquian > Micmacic > Mi'kmaq
mie,ocot1243,Ocotepec Mixtec,Otomanguean,Otomanguean > Eastern Otomanguean > Amuzgo-Mixtecan > Mixtecan > Mixtec-Cuicatec > Mixtec > Western Alta Mixtec > Ocotepec Mixtec
mig,sanm1295,San Miguel El Grande Mixtec,Otomanguean,Otomanguean > Eastern Otomanguean > Amuzgo-Mixtecan > Mixtecan > Mixtec-Cuicatec > Mixtec > Western Alta Mixtec > Southwestern Alta Mixtec > Chalcatongic > San Miguel El Grande Mixtec
mih,chay1249,Chayuco Mixtec,Otomanguean,Otomanguean > Eastern Otomanguean > Amuzgo-Mixtecan > Mixtecan > Mixtec-Cuicatec > Mixtec > Coast Mixtec > East Coast Mixtec > Chayuco Mixtec
mil,peno1244,Peñoles Mixtec,Otomanguean,Otomanguean > Eastern Otomanguean > Amuzgo-Mixtecan > Mixtecan > Mixtec-Cuicatec > Mixtec > Eastern Alta Mixtec > Southeastern Alta Mixtec > Tlazoyal-Penoles > Peñoles Mixtec
mio,pino1237,Pinotepa Nacional Mixtec,Otomanguean,Otomanguean > Eastern Otomanguean > Amuzgo-Mixtecan > Mixtecan > Mixtec-Cuicatec > Mixtec > Coast Mixtec > West Coast Mixtec > Pinotepa Nacional Mixtec
mir,isth1238,Isthmus Mixe,Mixe-Zoque,Mixe-Zoque > Mixe > Oaxaca Mixe > Lowland-Midland-South Highland Mixe > Lowland-Midland Mixe > Lowland Mixe > Isthmus Mixe
mit,sout3001,Southern Puebla Mixtec,Otomanguean,Otomanguean > Eastern Otomanguean > Amuzgo-Mixtecan > Mixtecan > Mixtec-Cuicatec > Mixtec > Northern Baja Mixtec > Southern Puebla Mixtec
miz,coat1241,Coatzospan Mixtec,Otomanguean,Otomanguean > Eastern Otomanguean > Amuzgo-Mixtecan > Mixtecan > Mixtec-Cuicatec > Mixtec > Northern Alta Mixtec > Coatzospan Mixtec
mjc,sanj1281,San Juan Colorado Mixtec,Otomanguean,Otomanguean > Eastern Otomanguean > Amuzgo-Mixtecan > Mixtecan > Mixtec-Cuicatec > Mixtec > Coast Mixtec > West Coast Mixtec > San Juan Colorado Mixtec
mkj,moki1238,Mokilese,Austronesian,Austronesian > Malayo-Polynesian > Eastern Malayo-Polynesian > Oceanic > Micronesian > Central Micronesian > Western Micronesian > Chuukic-Ponapeic > Ponapeic > Mokilese
mkl,moko1243,Mokole,Atlantic-Congo,Atlantic-Congo > Volta-Congo > Benue-Congo > Defoid > Yoruboid > Edekiri > Ede > Mokole
mkn,kupa1239,Kupang Malay,Austronesian,Austronesian > Malayo-Polynesian > Malayo-Chamic > Malayic > Nuclear Malayic > Vehicular Malay > Eastern Indonesia Trade Malay > Kupang Malay
mks,sila1250,Silacayoapan Mixtec,Otomanguean,Otomanguean > Eastern Otomanguean > Amuzgo-Mixtecan > Mixtecan > Mixtec-Cuicatec > Mixtec > Central-Western Baja Mixtec > Silacayoapan Mixtec
mkw,kitu1245,Kituba (Congo),Atlantic-Congo,Atlantic-Congo > Volta-Congo > Benue-Congo > Bantoid > Southern Bantoid > Narrow Bantu > Central-Western Bantu > West-Coastal Bantu > Nzadic > Lweric > Dingic > Loange-Atlantic > KLC Extended > Kikongo Language Cluster > Nuclear KLC > Kikongoic > Kambakunyic Kikongo > Kilaadic Kikongo > Central-Southern Kikongo > Southeastern Kikongo > Southern Kikongo > Koongo-Kituba > Kituba (Congo)
mle,mana1298,Manambu,Ndu,Ndu > Nuclear Ndu > Manambu-Yalaku > Manambu
mlh,mape1249,Mape,Nuclear Trans New Guinea,Nuclear Trans New Guinea > Finisterre-Huon > Huon > Eastern Huon > Trans Vitiaz > Huon Tip > Kate-Mape > Mape
mlp,barg1252,Bargam,Nuclear Trans New Guinea,Nuclear Trans New Guinea > Madang > Croisilles > Bargam
mmo,mang1404,Mangga Buang,Austronesian,Austronesian > Malayo-Polynesian > Eastern Malayo-Polynesian > Oceanic > Western Oceanic linkage > North New Guinea linkage > Huon Gulf > South Huon Gulf linkage > Buang linkage > Mapos-Mangga-Wagau > Mangga Buang
mmx,mada1285,Madak,Austronesian,Austronesian > Malayo-Polynesian > Eastern Malayo-Polynesian > Oceanic > Western Oceanic linkage > Meso Melanesian linkage > New Ireland-Northwest Solomonic linkage > Madak linkage > Madak
mna,mbul1263,Mbula,Austronesian,Austronesian > Malayo-Polynesian > Eastern Malayo-Polynesian > Oceanic > Western Oceanic linkage > North New Guinea linkage > Ngero-Vitiaz linkage > Vitiaz linkage > Mbula
mni,mani1292,Manipuri,Sino-Tibetan,Sino-Tibetan > Kuki-Chin-Naga > Manipuri
mop,mopa1243,Mopan,Mayan,Mayan > Core Mayan > Yucatecan > Mopan
mox,moli1248,Molima,Austronesian,Austronesian > Malayo-Polynesian > Eastern Malayo-Polynesian > Oceanic > Western Oceanic linkage > Papuan Tip linkage > Nuclear Papuan Tip linkage > North Papuan Mainland-D'Entrecasteaux linkage > Bwaidoga linkage > Molima
mpa,mpot1240,Mpoto,Atlantic-Congo,Atlantic-Congo > Volta-Congo > Benue-Congo > Bantoid > Southern Bantoid > Narrow Bantu > East Bantu > Rufiji-Ruvuma > Rufijic > Matengo-Rufiji > South Mbinda > Mpoto
mph,maun1240,Mawng,Iwaidjan Proper,Iwaidjan Proper > Mawng
mpj,mart1256,Martu Wangka,Pama-Nyungan,Pama-Nyungan > Desert Nyungic > Wati > Martuwangkic > Warnman-Wangka > Martu Wangka
mpm,yoso1239,Yosondúa Mixtec,Otomanguean,Otomanguean > Eastern Otomanguean > Amuzgo-Mixtecan > Mixtecan > Mixtec-Cuicatec > Mixtec > Western Alta Mixtec > Southwestern Alta Mixtec > Chalcatongic > Yosondúa Mixtec
mpp,miga1241,Migabac,Nuclear Trans New Guinea,Nuclear Trans New Guinea > Finisterre-Huon > Huon > Eastern Huon > Trans Vitiaz > Huon Tip > Sopac > Migabac
mps,dadi1250,Dadibi,Teberan,Teberan > Dadibi
mpt,mian1256,Mian,Nuclear Trans New Guinea,Nuclear Trans New Guinea > Asmat-Awyu-Ok > Awyu-Ok > Ok-Oksapmin > Ok > Mountain Ok > Mianic > Mian
mpx,misi1243,Misima-Paneati,Austronesian,Austronesian > Malayo-Polynesian > Eastern Malayo-Polynesian > Oceanic > Western Oceanic linkage > Papuan Tip linkage > Peripheral Papuan Tip linkage > Kilivila-Misima > Misima-Paneati
mqb,mbuk1243,Mbuko,Afro-Asiatic,Afro-Asiatic > Chadic > Biu-Mandara > Hurza > Mbuko
mqj,mama1276,Mamasa,Austronesian,Austronesian > Malayo-Polynesian > Greater South Sulawesi > South Sulawesi > Northern South Sulawesi > Toraja-Duri > Torajic > Mamasa
mri,maor1246,Maori,Austronesian,Austronesian > Malayo-Polynesian > Eastern Malayo-Polynesian > Oceanic > Central Pacific linkage > Tokalau Fijian > Polynesian > Nuclear Polynesian > Northern Outlier Polynesian-East Polynesian > Solomons Northern Outlier Polynesian-East Polynesian > Central Northern Outlier Polynesian-East Polynesian > East Polynesian > East Polynesian Proximal > Southern East Polynesian Proximal > Maoric > Maori
msb,masb1238,Masbatenyo,Austronesian,Austronesian > Malayo-Polynesian > Greater Central Philippine > Central Philippine > Bisayan > Central Bisayan > Peripheral Central Bisayan > Masbate-Sorsogon > Masbatenyo
msc,sank1253,Sankaran Maninka,Mande,Mande > Western Mande > Manding-Kpelle > Central Mande > Manding-Jogo > Manding-Vai > Manding-Mokole > Manding > East Manding > Manenkan > Sankaran Maninka
msk,mans1262,Mansaka,Austronesian,Austronesian > Malayo-Polynesian > Greater Central Philippine > Central Philippine > Mansakan > Eastern Mansakan > Mansaka
msm,agus1235,Agusan Manobo,Austronesian,Austronesian > Malayo-Polynesian > Greater Central Philippine > Manobo > Central and Southern Manobo > East-West-Central Manobo > East and Central Manobo > East Manobo > Agusan Manobo
msy,arua1260,Aruamu,Ramu,Ramu > Lower Ramu > Ruboni > Mikarewan > Aruamu
mti,maiw1251,Maiwa (Papua New Guinea),Dagan,Dagan > Central Dagan > Maiwa (Papua New Guinea)
mto,toto1305,Totontepec Mixe,Mixe-Zoque,Mixe-Zoque > Mixe > Oaxaca Mixe > Totontepec Mixe
mux,boun1245,Bo-Ung,Nuclear Trans New Guinea,Nuclear Trans New Guinea > Chimbu-Wahgi > Hagen > Melpa-Tembagla > Bo-Ung
muy,muya1243,Muyang,Afro-Asiatic,Afro-Asiatic > Chadic > Biu-Mandara > North Biu-Mandara > Margi-Mandara-Mofu > Mofuic > Tokombere > Madaic > Muyang
mva,mana1295,Manam,Austronesian,Austronesian > Malayo-Polynesian > Eastern Malayo-Polynesian > Oceanic > Western Oceanic linkage > North New Guinea linkage > Schouten linkage > Kairiru-Manam > Manamic linkage > Bam-Manam > Manam-Sepa > Manam
mvn,mina1269,Minaveha,Austronesian,Austronesian > Malayo-Polynesian > Eastern Malayo-Polynesian > Oceanic > Western Oceanic linkage > Papuan Tip linkage > Nuclear Papuan Tip linkage > North Papuan Mainland-D'Entrecasteaux linkage > Are-Taupota linkage > Taupota linkage > Minaveha
mwc,aree1239,Are,Austronesian,Austronesian > Malayo-Polynesian > Eastern Malayo-Polynesian > Oceanic > Western Oceanic linkage > Papuan Tip linkage > Nuclear Papuan Tip linkage > North Papuan Mainland-D'Entrecasteaux linkage > Are-Taupota linkage > Are linkage > Are-Doga > Are
mwe,mwer1248,Mwera (Chimwera),Atlantic-Congo,Atlantic-Congo > Volta-Congo > Benue-Congo > Bantoid > Southern Bantoid > Narrow Bantu > East Bantu > Rufiji-Ruvuma > Ruvuma > Yaoic > Mwera (Chimwera)
mwf,murr1258,Murriny Patha,Southern Daly,Southern Daly > Murriny Patha
mwp,kala1377,Kala Lagaw Ya,Pama-Nyungan,Pama-Nyungan > Kala Lagaw Ya
mxb,tezo1238,Tezoatlán Mixtec,Otomanguean,Otomanguean > Eastern Otomanguean > Amuzgo-Mixtecan > Mixtecan > Mixtec-Cuicatec > Mixtec > Tezoatlanic > Tezoatlán Mixtec
mxm,mera1242,Meramera,Austronesian,Austronesian > Malayo-Polynesian > Eastern Malayo-Polynesian > Oceanic > Western Oceanic linkage > Meso Melanesian linkage > Willaumez linkage > Nakanai-Meramera > Meramera
mxp,tlah1239,Tlahuitoltepec Mixe,Mixe-Zoque,Mixe-Zoque > Mixe > Oaxaca Mixe > Lowland-Midland-South Highland Mixe > Tlahuitoltepec Mixe
mxq,juqu1238,Juquila Mixe,Mixe-Zoque,Mixe-Zoque > Mixe > Oaxaca Mixe > Lowland-Midland-South Highland Mixe > Lowland-Midland Mixe > Midland Mixe > Juquila Mixe
mxt,jami1235,Jamiltepec Mixtec,Otomanguean,Otomanguean > Eastern Otomanguean > Amuzgo-Mixtecan > Mixtecan > Mixtec-Cuicatec > Mixtec > Coast Mixtec > East Coast Mixtec > Jamiltepec Mixtec
mya,nucl1310,Burmese,Sino-Tibetan,Sino-Tibetan > Burmo-Qiangic > Lolo-Burmese > Burmish > Southern Burmish > Mranmaic > Nuclear Mranmaic > Burmese
myk,mama1271,Mamara Senoufo,Atlantic-Congo,Atlantic-Congo > Volta-Congo > North Volta-Congo > Senufo > North Senufo > Mamara Senoufo
myu,mund1330,Mundurukú,Tupian,Tupian > Eastern Tupian > Mundurukuic > Mundurukú
myw,muyu1244,Muyuw,Austronesian,Austronesian > Malayo-Polynesian > Eastern Malayo-Polynesian > Oceanic > Western Oceanic linkage > Papuan Tip linkage > Peripheral Papuan Tip linkage > Kilivila-Misima > Kilivilic > Kilivila-Muyuw > Muyuw
myy,macu1260,Macuna,Tucanoan,Tucanoan > Eastern Tucanoan > Western Eastern Tucanoan > Barasano-Eduria-Macuna > Macuna
mzq,mori1269,Mori Atas,Austronesian,Austronesian > Malayo-Polynesian > Celebic > Greater Eastern Celebic > Eastern Celebic > Southeastern Celebic > Bungku-Tolaki > Western Bungku-Tolaki > Interior Bungku-Tolaki > Mori Atas
mzz,maia1251,Maiadomu,Austronesian,Austronesian > Malayo-Polynesian > Eastern Malayo-Polynesian > Oceanic > Western Oceanic linkage > Papuan Tip linkage > Nuclear Papuan Tip linkage > North Papuan Mainland-D'Entrecasteaux linkage > Bwaidoga linkage > Iamalelic > Maiadomu
nab,sout2994,Southern Nambikuára,Nambiquaran,Nambiquaran > Nambikwara Complex > Southern Nambikuára
naf,naba1256,Nabak,Nuclear Trans New Guinea,Nuclear Trans New Guinea > Finisterre-Huon > Huon > Western Huon > Rawlinson > Sankwep > Nabak
nag,naga1394,Naga Pidgin,Indo-European,Indo-European > Classical Indo-European > Indo-Iranian > Indo-Aryan > Middle-Modern Indo-Aryan > Continental Indo-Aryan > Indo-Aryan Eastern zone > Oriya-Gauda-Kamrupa > Gauda-Kamrupa > Kamrupa > Eastern Kamrupa > Naga Pidgin
nak,naka1262,Nakanai,Austronesian,Austronesian > Malayo-Polynesian > Eastern Malayo-Polynesian > Oceanic > Western Oceanic linkage > Meso Melanesian linkage > Willaumez linkage > Nakanai-Meramera > Nakanai
nal,nali1244,Nalik,Austronesian,Austronesian > Malayo-Polynesian > Eastern Malayo-Polynesian > Oceanic > Western Oceanic linkage > Meso Melanesian linkage > New Ireland-Northwest Solomonic linkage > Tungak-Nalik > Nalik
nas,naas1242,Naasioi,South Bougainville,South Bougainville > Nasioiic > Nasioi > South-Central Nasioi > Central Nasioi > Naasioi
nbq,ngge1241,Nggem,Nuclear Trans New Guinea,Nuclear Trans New Guinea > Dani > Nggem
nca,iyoo1238,Iyo,Nuclear Trans New Guinea,Nuclear Trans New Guinea > Finisterre-Huon > Finisterre-Saruwaged > Gusap-Mot > Ufim-Rawa-Nahu > Iyo
nce,yale1246,Yale,Yale,Yale
ncf,nots1237,Notsi,Austronesian,Austronesian > Malayo-Polynesian > Eastern Malayo-Polynesian > Oceanic > Western Oceanic linkage > Meso Melanesian linkage > New Ireland-Northwest Solomonic linkage > Tabar linkage > Notsi
nch,cent2134,Central Huasteca Nahuatl,Uto-Aztecan,Uto-Aztecan > Southern Uto-Aztecan > Corachol-Aztecan > Aztec > Eastern Nahuatl > Huasteca Nahuatl > Central Huasteca Nahuatl
ncj,nort2957,Northern Puebla Nahuatl,Uto-Aztecan,Uto-Aztecan > Southern Uto-Aztecan > Corachol-Aztecan > Aztec > Western Nahuatl > Central Nahuatl > Northern Puebla Nahuatl
ncl,mich1245,Michoacán Nahuatl,Uto-Aztecan,Uto-Aztecan > Southern Uto-Aztecan > Corachol-Aztecan > Aztec > Western Nahuatl > Western Periphery-North Guerrero Nahuatl > Western Periphery Nahuatl > Michoacán Nahuatl
ncr,ncan1245,Ncane-Mungong,Atlantic-Congo,Atlantic-Congo > Volta-Congo > Benue-Congo > Bantoid > Southern Bantoid > Beboid > Eastern Beboid > Nsari-Nooni-Ncane > Nooni-Ncane > Ncane-Cung > Ncane-Mungong
ncu,chum1261,Chumburung,Atlantic-Congo,Atlantic-Congo > Volta-Congo > Kwa Volta-Congo > Nyo > Potou-Tano > Tano > Guang > North Guang > Oti North Guang > River Oti North Guang > Chumbuli > Chumburung
nde,nort2795,Zimbabwean Ndebele,Atlantic-Congo,Atlantic-Congo > Volta-Congo > Benue-Congo > Bantoid > Southern Bantoid > Narrow Bantu > East Bantu > Southern Bantu > Nuclear Southern Bantu > Dimsuffix Southern Bantu > Nguni-Tsonga-Copi > Nguni (S.40) > Nuclear Nguni > Southern Ndebele-Lowland > Swatic > Zimbabwean Ndebele
ndg,nden1248,Ndengereko,Atlantic-Congo,Atlantic-Congo > Volta-Congo > Benue-Congo > Bantoid > Southern Bantoid > Narrow Bantu > East Bantu > Rufiji-Ruvuma > Rufijic > Matengo-Rufiji > Matandu > Ndengereko
ndj,ndam1239,Ndamba,Atlantic-Congo,Atlantic-Congo > Volta-Congo > Benue-Congo > Bantoid > Southern Bantoid > Narrow Bantu > East Bantu > Kilombero > West Kilombero > Ndamba
nfa,dhao1237,Dhao,Austronesian,Austronesian > Malayo-Polynesian > Bima-Lembata > Sumba-Hawu > Hawu-Dhao > Dhao
ngp,ngul1246,Ngulu,Atlantic-Congo,Atlantic-Congo > Volta-Congo > Benue-Congo > Bantoid > Southern Bantoid > Narrow Bantu > East Bantu > Northeast Savanna Bantu > Northeast Coastal Bantu > Ruvu > West Ruvu > Seuta > Zigua-Nguu > Ngulu
ngu,guer1241,Central Guerrero Nahuatl,Uto-Aztecan,Uto-Aztecan > Southern Uto-Aztecan > Corachol-Aztecan > Aztec > Western Nahuatl > Central Nahuatl > Central Guerrero Nahuatl
nhe,east2538,Eastern Huasteca Nahuatl,Uto-Aztecan,Uto-Aztecan > Southern Uto-Aztecan > Corachol-Aztecan > Aztec > Eastern Nahuatl > Huasteca Nahuatl > Eastern Huasteca Nahuatl
nhg,tete1251,Tetelcingo Nahuatl,Uto-Aztecan,Uto-Aztecan > Southern Uto-Aztecan > Corachol-Aztecan > Aztec > Western Nahuatl > Central Nahuatl > Tetelcingo Nahuatl
nhi,zaca1241,Zacatlán-Ahuacatlán-Tepetzintla Nahuatl,Uto-Aztecan,Uto-Aztecan > Southern Uto-Aztecan > Corachol-Aztecan > Aztec > Western Nahuatl > Central Nahuatl > Tlaxcala-Southeastern Puebla Nahuatl > Zacatlán-Ahuacatlán-Tepetzintla Nahuatl
nho,taku1257,Takuu,Austronesian,Austronesian > Malayo-Polynesian > Eastern Malayo-Polynesian > Oceanic > Central Pacific linkage > Tokalau Fijian > Polynesian > Nuclear Polynesian > Northern Outlier Polynesian-East Polynesian > Solomons Northern Outlier Polynesian-East Polynesian > Central Northern Outlier Polynesian-East Polynesian > Central Northern Outlier Polynesian > Takuuic > Takuu
nhr,naro1249,Naro,Khoe-Kwadi,Khoe-Kwadi > Khoe > Non-Khoekhoe > West-Kxoe > Naro-Ana > Naro
nhu,noon1243,Noone,Atlantic-Congo,Atlantic-Congo > Volta-Congo > Benue-Congo > Bantoid > Southern Bantoid > Beboid > Eastern Beboid > Nsari-Nooni-Ncane > Nooni-Ncane > Noone
nhw,west2624,Western Huasteca Nahuatl,Uto-Aztecan,Uto-Aztecan > Southern Uto-Aztecan > Corachol-Aztecan > Aztec > Eastern Nahuatl > Huasteca Nahuatl > Western Huasteca Nahuatl
nhy,nort2958,Northern Oaxaca Nahuatl,Uto-Aztecan,Uto-Aztecan > Southern Uto-Aztecan > Corachol-Aztecan > Aztec > Western Nahuatl > Central Nahuatl > Tlaxcala-Southeastern Puebla Nahuatl > Southeast Puebla-Northern Oaxaca Nahuatl > Northern Oaxaca Nahuatl
nif,nekk1240,Nek,Nuclear Trans New Guinea,Nuclear Trans New Guinea > Finisterre-Huon > Finisterre-Saruwaged > Erap > Boana > Nek-Nuk > Nek
nii,niii1240,Nii,Nuclear Trans New Guinea,Nuclear Trans New Guinea > Chimbu-Wahgi > Wahgic > Nii
nin,ninz1246,Ninzo,Atlantic-Congo,Atlantic-Congo > Volta-Congo > Benue-Congo > Benue-Congo Plateau > Ninzic > Rukubic > Mada-Ninzam > Ninzo
nit,sout1549,Southeastern Kolami,Dravidian,Dravidian > Central Dravidian > Kolami-Naiki > Southeastern Kolami
njd,ndon1252,Ndonde Hamba,Bookkeeping,Bookkeeping > Ndonde Hamba
nkn,nkan1238,Nkangala,Atlantic-Congo,Atlantic-Congo > Volta-Congo > Benue-Congo > Bantoid > Southern Bantoid > Narrow Bantu > Central-Western Bantu > Njila > Southern Njila > Chokwe-Lunda > Chokwe-Ngangela-Nyemba (K.20) > Ngangela-Nyemba > Nkangala
nko,nkon1248,Nkonya,Atlantic-Congo,Atlantic-Congo > Volta-Congo > Kwa Volta-Congo > Nyo > Potou-Tano > Tano > Guang > North Guang > Nkonya-Nkami > Nkonya
nld,dutc1256,Dutch,Indo-European,Indo-European > Classical Indo-European > Germanic > Northwest Germanic > West Germanic > Macro-Dutch > Middle-Modern Dutch > Modern Dutch > Global Dutch > Dutch
nlg,gela1263,Gela,Austronesian,Austronesian > Malayo-Polynesian > Eastern Malayo-Polynesian > Oceanic > Southeast Solomonic > Guadalcanal-Nggelic > Nuclear Guadalcanal-Nggelic > Nggelic > Gela
nmw,nimo1246,Nimoa,Austronesian,Austronesian > Malayo-Polynesian > Eastern Malayo-Polynesian > Oceanic > Western Oceanic linkage > Papuan Tip linkage > Peripheral Papuan Tip linkage > Nimoa-Sudest > Nimoa
nmx,nama1266,Nama (Papua New Guinea),Yam,Yam > Morehead-Maro > Nambu > Nama-Dre > Nama (Papua New Guinea)
nna,nyan1301,Nyangumarta,Pama-Nyungan,Pama-Nyungan > Desert Nyungic > Marrngu > Nyangumarta
nnq,ngin1244,Ngindo,Atlantic-Congo,Atlantic-Congo > Volta-Congo > Benue-Congo > Bantoid > Southern Bantoid > Narrow Bantu > East Bantu > Rufiji-Ruvuma > Rufijic > Lwegu > Ndendeule-Ngindo-Nindi > Ngindo
noa,woun1238,Woun Meu,Chocoan,Chocoan > Woun Meu
nob,norw1259,Norwegian Bokmål,Indo-European,Indo-European > Classical Indo-European > Germanic > Northwest Germanic > North Germanic > West Scandinavian > Norwegian > Norwegian Bokmål
nop,numa1254,Numanggang,Nuclear Trans New Guinea,Nuclear Trans New Guinea > Finisterre-Huon > Finisterre-Saruwaged > Erap > Boana > Numanggang
not,noma1263,Nomatsiguenga,Arawakan,Arawakan > Southern Maipuran > Kampa-Amuesha > Pre-Andine Maipuran > Nomatsiguenga
nou,ewag1241,Ewage-Notu,Nuclear Trans New Guinea,Nuclear Trans New Guinea > Greater Binanderean > Binanderean > Nuclear Binanderean > South Binanderean > Coastal Binanderean > Ewage-Notu
npi,nepa1254,Nepali,Indo-European,Indo-European > Classical Indo-European > Indo-Iranian > Indo-Aryan > Middle-Modern Indo-Aryan > Continental Indo-Aryan > Midlands Indo-Aryan > Indo-Aryan Northern zone > Eastern Pahari > Nepali
npl,sout2973,Southeastern Puebla Nahuatl,Uto-Aztecan,Uto-Aztecan > Southern Uto-Aztecan > Corachol-Aztecan > Aztec > Western Nahuatl > Central Nahuatl > Tlaxcala-Southeastern Puebla Nahuatl > Southeast Puebla-Northern Oaxaca Nahuatl > Southeastern Puebla Nahuatl
nrz,lala1268,Lala,Austronesian,Austronesian > Malayo-Polynesian > Eastern Malayo-Polynesian > Oceanic > Western Oceanic linkage > Papuan Tip linkage > Peripheral Papuan Tip linkage > Central Papuan Oceanic > West Central Papuan linkage > Nuclear West Central Papuan linkage > Lala
nsn,neha1247,Nehan,Austronesian,Austronesian > Malayo-Polynesian > Eastern Malayo-Polynesian > Oceanic > Western Oceanic linkage > Meso Melanesian linkage > New Ireland-Northwest Solomonic linkage > St George linkage > Northwest Solomonic > North Bougainville Oceanic > Nuclear North Bougainville Oceanic > Nehan
nss,nali1245,Nali,Austronesian,Austronesian > Malayo-Polynesian > Eastern Malayo-Polynesian > Oceanic > Admiralty Islands > Eastern Admiralty Islands > Manus > East Manus > Koro-Lele-Nali-Titan > Nali
ntj,ngaa1240,Ngaanyatjarra,Pama-Nyungan,Pama-Nyungan > Desert Nyungic > Wati > Pintupic > Nuclear Pintupic > Wangkatja-Tjarra > Tjarra > Ngaanyatjarra
ntp,nort2959,Northern Tepehuan,Uto-Aztecan,Uto-Aztecan > Southern Uto-Aztecan > Tepiman > Tepehuan > Northern Tepehuan
ntu,natu1246,Natügu,Austronesian,Austronesian > Malayo-Polynesian > Eastern Malayo-Polynesian > Oceanic > Temotu > Reefs-Santa Cruz > Natugu-Nalogo > Natügu
nuq,nuku1258,Nukumanu,Austronesian,Austronesian > Malayo-Polynesian > Eastern Malayo-Polynesian > Oceanic > Central Pacific linkage > Tokalau Fijian > Polynesian > Nuclear Polynesian > Northern Outlier Polynesian-East Polynesian > Solomons Northern Outlier Polynesian-East Polynesian > Central Northern Outlier Polynesian-East Polynesian > Central Northern Outlier Polynesian > Takuuic > Nukumanu
nuy,nung1290,Wubuy,Gunwinyguan,Gunwinyguan > Eastern Gunwinyguan > Wubuy-Anindilyakwa > Wubuy
nvm,nami1258,Namiae,Koiarian,Koiarian > Baraic > Barai-Namiae > Namiae
nwi,sout2869,Southwest Tanna,Austronesian,Austronesian > Malayo-Polynesian > Eastern Malayo-Polynesian > Oceanic > Southern Melanesian > Southern Vanuatu > Tanna > Southern Tanna > Southwest Tanna
nww,ndwe1234,Ndwewe,Atlantic-Congo,Atlantic-Congo > Volta-Congo > Benue-Congo > Bantoid > Southern Bantoid > Narrow Bantu > East Bantu > Rufiji-Ruvuma > Rufijic > Lwegu > Ndwewe
nya,nyan1308,Nyanja,Atlantic-Congo,Atlantic-Congo > Volta-Congo > Benue-Congo > Bantoid > Southern Bantoid > Narrow Bantu > East Bantu > Tumbuka-Sena-Nyanja > Sena-Nyanja > Nyanjaic > Nyanja
nys,nyun1247,Nyunga,Pama-Nyungan,Pama-Nyungan > South-West Pama-Nyungan > Nyunga
obo,obom1235,Obo Manobo,Austronesian,Austronesian > Malayo-Polynesian > Greater Central Philippine > Manobo > Central and Southern Manobo > East-West-Central Manobo > West Manobo > Obo Manobo
okv,orok1269,Orokaiva,Nuclear Trans New Guinea,Nuclear Trans New Guinea > Greater Binanderean > Binanderean > Nuclear Binanderean > South Binanderean > Orokaivic > Orokaiva
omb,east2443,East Ambae,Austronesian,Austronesian > Malayo-Polynesian > Eastern Malayo-Polynesian > Oceanic > North and Central Vanuatu > Northern Vanuatu > Ambae > East Ambae
omw,sout2943,South Tairora,Nuclear Trans New Guinea,Nuclear Trans New Guinea > Kainantu-Goroka > Kainantu > Tairora > South Tairora
ong,oloo1241,Olo,Nuclear Torricelli,Nuclear Torricelli > Wapei-Palei > Central Torricelli > Wapeic > Au-Olo-Elkei > Olo-Elkei > Olo
ons,onoo1246,Ono,Nuclear Trans New Guinea,Nuclear Trans New Guinea > Finisterre-Huon > Huon > Eastern Huon > Kalasa > Ono
ood,toho1245,Tohono O'odham,Uto-Aztecan,Uto-Aztecan > Southern Uto-Aztecan > Tepiman > Piman > Tohono O'odham
opm,oksa1245,Oksapmin,Nuclear Trans New Guinea,Nuclear Trans New Guinea > Asmat-Awyu-Ok > Awyu-Ok > Ok-Oksapmin > Oksapmin
ory,oriy1255,Odia,Indo-European,Indo-European > Classical Indo-European > Indo-Iranian > Indo-Aryan > Middle-Modern Indo-Aryan > Continental Indo-Aryan > Indo-Aryan Eastern zone > Oriya-Gauda-Kamrupa > Macro-Oriya > Odia
ote,mezq1235,Mezquital Otomi,Otomanguean,Otomanguean > Western Otomanguean > Otopame-Chinantecan > Otopamean > Otomian > Otomi > Northwestern Otomi > Mezquital Otomi
otm,east2556,Eastern Highland Otomi,Otomanguean,Otomanguean > Western Otomanguean > Otopame-Chinantecan > Otopamean > Otomian > Otomi > Eastern Otomi > Eastern Highland Otomi
otn,tena1241,Tenango Otomi,Otomanguean,Otomanguean > Western Otomanguean > Otopame-Chinantecan > Otopamean > Otomian > Otomi > Eastern Otomi > Tenango Otomi
otq,quer1236,Querétaro Otomi,Otomanguean,Otomanguean > Western Otomanguean > Otopame-Chinantecan > Otopamean > Otomian > Otomi > Northwestern Otomi > Querétaro Otomi
ots,esta1236,Estado de México Otomi,Otomanguean,Otomanguean > Western Otomanguean > Otopame-Chinantecan > Otopamean > Otomian > Southwestern Otomi > Estado de México Otomi
oyd,oyda1235,Oyda,Ta-Ne-Omotic,Ta-Ne-Omotic > Ometo > North-West Ometo > Central Ometo > Oyda
pab,pare1272,Parecís,Arawakan,Arawakan > Central-Eastern Maipuran > Central Maipuran > Xaray > Parecis-Nawe > Parecís
pad,paum1247,Paumari,Arawan,Arawan > Paumari
pah,tenh1241,Tenharim-Parintintin-Diahoi,Tupian,Tupian > Eastern Tupian > Maweti-Guarani > Aweti-Guarani > Tupi-Guarani > Tupi-Guarani Subgroup VI > Kawahiva > Nuclear Kawahiva > Central Kawahiva > Tenharim-Parintintin-Diahoi
pan,panj1256,Eastern Panjabi,Indo-European,Indo-European > Classical Indo-European > Indo-Iranian > Indo-Aryan > Middle-Modern Indo-Aryan > Continental Indo-Aryan > Indo-Aryan Northwestern zone > Sindhi-Lahnda > Greater Panjabic > Eastern Panjabic > Eastern Panjabi
pao,nort2954,Northern Paiute,Uto-Aztecan,Uto-Aztecan > Northern Uto-Aztecan > Numic > Western Numic > Northern Paiute
pdo,pado1242,Padoe,Austronesian,Austronesian > Malayo-Polynesian > Celebic > Greater Eastern Celebic > Eastern Celebic > Southeastern Celebic > Bungku-Tolaki > Western Bungku-Tolaki > Interior Bungku-Tolaki > Padoe
peg,peng1244,Pengo,Dravidian,Dravidian > South Dravidian > South Dravidian II > Konda-Kui > Manda-Kui > Manda-Pengo > Pengo
pes,west2369,Western Farsi,Indo-European,Indo-European > Classical Indo-European > Indo-Iranian > Iranian-Nuristani > Iranian > Southwestern Iranian > Middle-Modern Persian > Modern Southwestern Iranian > Farsic-Caucasian Tat > Farsic > Western Farsi
pib,yine1238,Yine,Arawakan,Arawakan > Southern Maipuran > Purus-Chamicuro > Purus > Yineic > Western Yineic > Yine
pio,piap1246,Piapoco,Arawakan,Arawakan > Japura-Colombia > Nuclear Japura-Colombia > Northeast Japura-Colombia > Piapoco-Achagua > Piapoco
pir,pira1254,Wa'ikhana,Tucanoan,Tucanoan > Eastern Tucanoan > Eastern Eastern Tucanoan > Eastern Eastern Tucanoan II > Kotiria-Piratapuyo > Piratapuyic > Wa'ikhana
piu,pint1250,Pintupi-Luritja,Pama-Nyungan,Pama-Nyungan > Desert Nyungic > Wati > Pintupic > Nuclear Pintupic > Pintupi-Luritja
pjt,pitj1243,Pitjantjatjara,Pama-Nyungan,Pama-Nyungan > Desert Nyungic > Wati > Pintupic > Nuclear Pintupic > Wangkatja-Tjarra > Tjarra > Pitjantjatjara
plj,,,Unclassified,
pll,shwe1236,Shwe Palaung,Austroasiatic,Austroasiatic > Khasi-Palaung > Palaungic > West Palaungic > Palaung > Shwe Palaung
pls,sanm1301,San Marcos Tlalcoyalco Popoloca,Otomanguean,Otomanguean > Eastern Otomanguean > Popoloca-Zapotecan > Popolocan-Mazatecan > Ixcatec-Chocho-Popolocan > Chocho-Popolocan > Popolocan > San Marcos Tlalcoyalco Popoloca
plu,pali1279,Palikúr,Arawakan,Arawakan > Central-Eastern Maipuran > Palikúr
pma,paam1238,Paama,Austronesian,Austronesian > Malayo-Polynesian > Eastern Malayo-Polynesian > Oceanic > North and Central Vanuatu > Central Vanuatu > Paama
poe,sanj1285,San Juan Atzingo Popoloca,Otomanguean,Otomanguean > Eastern Otomanguean > Popoloca-Zapotecan > Popolocan-Mazatecan > Ixcatec-Chocho-Popolocan > Chocho-Popolocan > Popolocan > Southwestern Popolocan > San Juan Atzingo Popoloca
poh,poqo1254,Poqomchi',Mayan,Mayan > Core Mayan > Quichean-Mamean > Greater Quichean > Poqom > Poqomchi'
poi,high1276,Highland Popoluca,Mixe-Zoque,Mixe-Zoque > Zoque > Gulf Zoque > Highland Popoluca
pol,poli1260,Polish,Indo-European,Indo-European > Classical Indo-European > Balto-Slavic > Slavic > West Slavic > Lechitic > Polish-Silesian > Polish
pon,pohn1238,Pohnpeian,Austronesian,Austronesian > Malayo-Polynesian > Eastern Malayo-Polynesian > Oceanic > Micronesian > Central Micronesian > Western Micronesian > Chuukic-Ponapeic > Ponapeic > Pohnpeian
por,port1283,Portuguese,Indo-European,Indo-European > Classical Indo-European > Italic > Latino-Faliscan > Latinic > Imperial Latin > Romance > Italo-Western Romance > Western Romance > Shifted Western Romance > Southwestern Shifted Romance > West Ibero-Romance > Galician Romance > Macro-Portuguese > Brazil-Portugal Portuguese > Portuguese
poy,pogo1243,Pogolo,Atlantic-Congo,Atlantic-Congo > Volta-Congo > Benue-Congo > Bantoid > Southern Bantoid > Narrow Bantu > East Bantu > Kilombero > Pogolo
ppo,folo1238,Folopa,Teberan,Teberan > Folopa
prf,para1306,Paranan,Austronesian,Austronesian > Malayo-Polynesian > Northern Luzon > Northeastern Luzon > Nuclear Northeastern Luzon > Paranan-Pahanan > Paranan
pri,paic1239,Paicî,Austronesian,Austronesian > Malayo-Polynesian > Eastern Malayo-Polynesian > Oceanic > Southern Melanesian > New Caledonian > Mainland New Caledonian > Northern New Caledonian > Mid-Northern New Caledonian > Voh-Kone-Cem-Pac > Cem-Pac > Paicî
ptp,pate1247,Patep,Austronesian,Austronesian > Malayo-Polynesian > Eastern Malayo-Polynesian > Oceanic > Western Oceanic linkage > North New Guinea linkage > Huon Gulf > South Huon Gulf linkage > Buang linkage > Mumeng > Zenag-Patep > Patep
ptu,bamb1270,Bambam,Austronesian,Austronesian > Malayo-Polynesian > Greater South Sulawesi > South Sulawesi > Northern South Sulawesi > Pitu Ulunna Salu > Matangnga-Aralle-Tabulahan > Bambam
pub,puru1266,Purum,Sino-Tibetan,Sino-Tibetan > Kuki-Chin-Naga > Kuki-Chin > Northwestern Kuki-Chin > Central Old Kuki > Purum
puu,punu1239,Punu,Atlantic-Congo,Atlantic-Congo > Volta-Congo > Benue-Congo > Bantoid > Southern Bantoid > Narrow Bantu > Central-Western Bantu > West-Coastal Bantu > Nzadic > Lweric > Dingic > Loange-Atlantic > KLC Extended > Kikongo Language Cluster > Nuclear KLC > Kikongoic > Kambakunyic Kikongo > Kilaadic Kikongo > Central-Southern Kikongo > West Kikongo > Vilic > Lumbuic > Ngubi-Sangu-Sira-Punu > Sangu-Sira-Punu > Punu-Vungu > Punu
pwg,gapa1238,Gapapaiwa,Austronesian,Austronesian > Malayo-Polynesian > Eastern Malayo-Polynesian > Oceanic > Western Oceanic linkage > Papuan Tip linkage > Nuclear Papuan Tip linkage > North Papuan Mainland-D'Entrecasteaux linkage > Are-Taupota linkage > Are linkage > Boanaki-Paiwa > Gapapaiwa
pwr,powa1246,Powari,Indo-European,Indo-European > Classical Indo-European > Indo-Iranian > Indo-Aryan > Middle-Modern Indo-Aryan > Continental Indo-Aryan > Midlands Indo-Aryan > Shaurasenic > Eastern Hindi > Powari
qub,hual1241,Huallaga Huánuco Quechua,Quechuan,Quechuan > Quechua I > Central Quechua I > AP-AM-AH > Huallaga Huánuco Quechua
quc,kich1262,K'iche',Mayan,Mayan > Core Mayan > Quichean-Mamean > Greater Quichean > Core Quichean > Quiche-Achi > K'iche'
quf,lamb1276,Lambayeque Quechua,Quechuan,Quechuan > Cajamarca-Lambayeque Quechua > Lambayeque Quechua
quh,sout2991,South Bolivian Quechua,Quechuan,Quechuan > Southern Quechua > Bolivian-Argentinian Quechua > South Bolivian-Argentinian Quechua > South Bolivian Quechua
qul,nort2976,North Bolivian Quechua,Quechuan,Quechuan > Southern Quechua > Bolivian-Argentinian Quechua > North Bolivian Quechua
qup,sout2990,Southern Pastaza Quechua,Quechuan,Quechuan > Colombia-Ecuador Quechua > Ecuadorian Quechua B > Imbabura-Colombia-Oriente Quechua > Colombia-Oriente Quechua > Oriente Quechua > Pastaza Quechua > Southern Pastaza Quechua
qvc,caja1238,Cajamarca Quechua,Quechuan,Quechuan > Cajamarca-Lambayeque Quechua > Cajamarca Quechua
qve,east2551,Eastern Apurímac Quechua,Quechuan,Quechuan > Southern Quechua > Cuscan Quechua > Eastern Apurímac Quechua
qvh,huam1248,Huamalíes-Dos de Mayo Huánuco Quechua,Quechuan,Quechuan > Quechua I > Central Quechua I > Huaylay > Huamalíes-Dos de Mayo Huánuco Quechua
qvm,marg1254,Margos-Yarowilca-Lauricocha Quechua,Quechuan,Quechuan > Quechua I > Central Quechua I > AP-AM-AH > Panao-Union > Margos-Yarowilca-Lauricocha Quechua
qvn,nort2980,North Junín Quechua,Quechuan,Quechuan > Quechua I > Central Quechua I > Yaru Quechua > North Junín Quechua
qvs,sanm1289,San Martín Quechua,Quechuan,Quechuan > San Martin-Amazonas Quechua > San Martín Quechua
qvw,huay1241,Huaylla Wanca Quechua,Quechuan,Quechuan > Quechua I > Central Quechua I > Jauja-Huanca > Huaylla Wanca Quechua
qvz,nort2973,Northern Pastaza Quichua,Quechuan,Quechuan > Colombia-Ecuador Quechua > Ecuadorian Quechua B > Imbabura-Colombia-Oriente Quechua > Colombia-Oriente Quechua > Oriente Quechua > Pastaza Quechua > Northern Pastaza Quichua
qwh,huay1240,Huaylas Ancash Quechua,Quechuan,Quechuan > Quechua I > Central Quechua I > Huaylay > Huaylas Ancash Quechua
qxh,pana1306,Panao Huánuco Quechua,Quechuan,Quechuan > Quechua I > Central Quechua I > AP-AM-AH > Panao-Union > Panao Huánuco Quechua
qxn,nort2979,Northern Conchucos Ancash Quechua,Quechuan,Quechuan > Quechua I > Central Quechua I > Huaylay > Conchucos > Northern Conchucos Ancash Quechua
qxo,sout2992,Southern Conchucos Ancash Quechua,Quechuan,Quechuan > Quechua I > Central Quechua I > Huaylay > Conchucos > Southern Conchucos Ancash Quechua
rai,ramo1244,Ramoaaina,Austronesian,Austronesian > Malayo-Polynesian > Eastern Malayo-Polynesian > Oceanic > Western Oceanic linkage > Meso Melanesian linkage > New Ireland-Northwest Solomonic linkage > St George linkage > Kandas-Duke of York > Ramoaaina
reg,kara1481,Kara (Tanzania),Atlantic-Congo,Atlantic-Congo > Volta-Congo > Benue-Congo > Bantoid > Southern Bantoid > Narrow Bantu > East Bantu > Northeast Savanna Bantu > Great Lakes Bantu > East Nyanza > Suguti > Kara (Tanzania)
rei,reli1238,Reli,Indo-European,Indo-European > Classical Indo-European > Indo-Iranian > Indo-Aryan > Middle-Modern Indo-Aryan > Continental Indo-Aryan > Indo-Aryan Eastern zone > Oriya-Gauda-Kamrupa > Macro-Oriya > Reli
rgu,ring1244,Ringgou,Austronesian,Austronesian > Malayo-Polynesian > Timor-Babar > Rote-Meto > Nuclear Rote > Central East Rote > Southeast Rote > Ringgou
rhg,rohi1238,Rohingya,Indo-European,Indo-European > Classical Indo-European > Indo-Iranian > Indo-Aryan > Middle-Modern Indo-Aryan > Continental Indo-Aryan > Indo-Aryan Eastern zone > Oriya-Gauda-Kamrupa > Gauda-Kamrupa > Gauda-Banga > Rohingya
rif,tari1263,Tarifiyt-Beni-Iznasen-Eastern Middle Atlas Berber,Afro-Asiatic,Afro-Asiatic > Berber > Greater Zenatic > Zenatic > Tarifiyt-Beni-Iznasen-Eastern Middle Atlas Berber
rkb,rikb1245,Rikbaktsa,Nuclear-Macro-Je,Nuclear-Macro-Je > Rikbaktsa
rki,rakh1245,Rakhine,Sino-Tibetan,Sino-Tibetan > Burmo-Qiangic > Lolo-Burmese > Burmish > Southern Burmish > Mranmaic > Nuclear Mranmaic > Arakanese-Marma > Rakhine
rmc,carp1235,Central Romani,Indo-European,Indo-European > Classical Indo-European > Indo-Iranian > Indo-Aryan > Middle-Modern Indo-Aryan > Continental Indo-Aryan > Midlands Indo-Aryan > Shaurasenic > Indo-Aryan Central zone > Romani > Central Romani
rmn,balk1252,Balkan Romani,Indo-European,Indo-European > Classical Indo-European > Indo-Iranian > Indo-Aryan > Middle-Modern Indo-Aryan > Continental Indo-Aryan > Midlands Indo-Aryan > Shaurasenic > Indo-Aryan Central zone > Romani > Balkan Romani
rmy,vlax1238,Vlax Romani,Indo-European,Indo-European > Classical Indo-European > Indo-Iranian > Indo-Aryan > Middle-Modern Indo-Aryan > Continental Indo-Aryan > Midlands Indo-Aryan > Shaurasenic > Indo-Aryan Central zone > Romani > Vlax Romani
ron,roma1327,Romanian,Indo-European,Indo-European > Classical Indo-European > Italic > Latino-Faliscan > Latinic > Imperial Latin > Romance > Eastern Romance > Northern Romanian > Eastern Romanian > Romanian
roo,roto1249,Rotokas,North Bougainville,North Bougainville > Rotokas-Askopan > Rotokas
rop,krio1252,Kriol,Indo-European,Indo-European > Classical Indo-European > Germanic > Northwest Germanic > West Germanic > North Sea Germanic > Anglo-Frisian > Anglic > Later Anglic > Middle-Modern English > Macro-English > Pacific Creole English > Kriol
row,dela1251,Dela-Oenale,Austronesian,Austronesian > Malayo-Polynesian > Timor-Babar > Rote-Meto > West Rote > Dela-Oenale
rro,waim1251,Waima,Austronesian,Austronesian > Malayo-Polynesian > Eastern Malayo-Polynesian > Oceanic > Western Oceanic linkage > Papuan Tip linkage > Peripheral Papuan Tip linkage > Central Papuan Oceanic > West Central Papuan linkage > Nuclear West Central Papuan linkage > Waima
ruf,lugu1238,Luguru,Atlantic-Congo,Atlantic-Congo > Volta-Congo > Benue-Congo > Bantoid > Southern Bantoid > Narrow Bantu > East Bantu > Northeast Savanna Bantu > Northeast Coastal Bantu > Ruvu > East Ruvu > Luguru
rug,rovi1238,Roviana,Austronesian,Austronesian > Malayo-Polynesian > Eastern Malayo-Polynesian > Oceanic > Western Oceanic linkage > Meso Melanesian linkage > New Ireland-Northwest Solomonic linkage > St George linkage > Northwest Solomonic > New Georgia > East New Georgia > Rovianic > Roviana
rup,arom1237,Aromanian,Indo-European,Indo-European > Classical Indo-European > Italic > Latino-Faliscan > Latinic > Imperial Latin > Romance > Eastern Romance > Aromanian
rus,russ1263,Russian,Indo-European,Indo-European > Classical Indo-European > Balto-Slavic > Slavic > East Slavic > Russian
rwo,rawa1267,Rawa,Nuclear Trans New Guinea,Nuclear Trans New Guinea > Finisterre-Huon > Finisterre-Saruwaged > Gusap-Mot > Ufim-Rawa-Nahu > Rawa
sab,bugl1243,Buglere,Chibchan,Chibchan > Core Chibchan > Isthmic Chibchan > Eastern Isthmic Chibchan > Guaymiic > Buglere
san,sans1269,Sanskrit,Indo-European,Indo-European > Classical Indo-European > Indo-Iranian > Indo-Aryan > Sanskrit
sbe,sali1295,Saliba,Austronesian,Austronesian > Malayo-Polynesian > Eastern Malayo-Polynesian > Oceanic > Western Oceanic linkage > Papuan Tip linkage > Nuclear Papuan Tip linkage > Suauic > Suau chain > Saliba
sbk,safw1238,Safwa,Atlantic-Congo,Atlantic-Congo > Volta-Congo > Benue-Congo > Bantoid > Southern Bantoid > Narrow Bantu > East Bantu > Corridor Bantu > Mbozi > Mbeya > Safwa
sbs,subi1246,Subiya,Atlantic-Congo,Atlantic-Congo > Volta-Congo > Benue-Congo > Bantoid > Southern Bantoid > Narrow Bantu > East Bantu > Botatwe > Western Botatwe > Machili > Subiya
sby,soli1239,Soli,Atlantic-Congo,Atlantic-Congo > Volta-Congo > Benue-Congo > Bantoid > Southern Bantoid > Narrow Bantu > East Bantu > Botatwe > Greater Eastern Botatwe > Soli
sce,dong1285,Dongxiang,Mongolic-Khitan,Mongolic-Khitan > Mongolic > Southern Periphery Mongolic > Shirongol > Baoanic > Dongxiang
sch,saka1283,Sakachep-Chorei,Sino-Tibetan,Sino-Tibetan > Kuki-Chin-Naga > Kuki-Chin > Northwestern Kuki-Chin > Western Northwestern Kuki-Chin > Sakachep-Chorei
seh,nucl1396,Sena,Atlantic-Congo,Atlantic-Congo > Volta-Congo > Benue-Congo > Bantoid > Southern Bantoid > Narrow Bantu > East Bantu > Tumbuka-Sena-Nyanja > Sena-Nyanja > Senaic > Sena
sey,seco1241,Secoya,Tucanoan,Tucanoan > Western Tucanoan > Napo Tucanoan > Siona-Secoya > Secoya
sgb,maga1263,Mag-Anchi Ayta,Austronesian,Austronesian > Malayo-Polynesian > Central Luzon > Sambalic > Mag-Ayta > Mag-Anchi Ayta
sgz,surs1246,Sursurunga,Austronesian,Austronesian > Malayo-Polynesian > Eastern Malayo-Polynesian > Oceanic > Western Oceanic linkage > Meso Melanesian linkage > New Ireland-Northwest Solomonic linkage > St George linkage > Sursurunga
shj,shat1244,Shatt,Dajuic,Dajuic > Eastern Dajuic > Shatt
shp,ship1254,Shipibo-Conibo,Pano-Tacanan,Pano-Tacanan > Panoan > Mainline Pano > Pano Nawa > Chama subgroup > Shipibo-Konibo-Kapanawa > Shipibo-Conibo
shr,shii1238,Shi,Atlantic-Congo,Atlantic-Congo > Volta-Congo > Benue-Congo > Bantoid > Southern Bantoid > Narrow Bantu > East Bantu > Northeast Savanna Bantu > Great Lakes Bantu > Western Lakes Bantu > Kivu > Forest Kivu > Shi
sim,mend1268,Mende (Papua New Guinea),Sepik,Sepik > Nukuma > Kwanga-Mende > Mende (Papua New Guinea)
six,suma1270,Sumau,Nuclear Trans New Guinea,Nuclear Trans New Guinea > Madang > Rai Coast > Peka > Sumau
sja,epen1239,Epena,Chocoan,Chocoan > Embera > San Juan > Epena
sle,shol1240,Sholaga,Dravidian,Dravidian > South Dravidian > South Dravidian I > Tamil-Kannada > Badaga-Kannada > Kannadoid > Sholaga
slk,slov1269,Slovak,Indo-European,Indo-European > Classical Indo-European > Balto-Slavic > Slavic > West Slavic > Czech-Slovak > Slovak
sll,salt1242,Salt-Yui,Nuclear Trans New Guinea,Nuclear Trans New Guinea > Chimbu-Wahgi > Simbu > Nuclear Simbu > Golinic > Salt-Yui
smk,boli1256,Bolinao,Austronesian,Austronesian > Malayo-Polynesian > Central Luzon > Sambalic > Tina-Bolinao > Bolinao
sna,shon1251,Shona,Atlantic-Congo,Atlantic-Congo > Volta-Congo > Benue-Congo > Bantoid > Southern Bantoid > Narrow Bantu > East Bantu > Southern Bantu > Shona (S.10) > Core Shona > Plateau Shona > Central Shona > Shona
snc,sina1266,Sinaugoro,Austronesian,Austronesian > Malayo-Polynesian > Eastern Malayo-Polynesian > Oceanic > Western Oceanic linkage > Papuan Tip linkage > Peripheral Papuan Tip linkage > Central Papuan Oceanic > Sinagoro-Keapara > Sinaugoro
snn,sion1247,Siona-Tetete,Tucanoan,Tucanoan > Western Tucanoan > Napo Tucanoan > Siona-Secoya > Sionan > Siona-Tetete
snp,sian1257,Siane,Nuclear Trans New Guinea,Nuclear Trans New Guinea > Kainantu-Goroka > Goroka > Nuclear Goroka > Siane-Yagaria > Siane
snx,samm1244,Sam,Nuclear Trans New Guinea,Nuclear Trans New Guinea > Madang > Rai Coast > Mindjim > Lower Minjim > Inland Minjim > Sam
sny,sani1270,Saniyo-Hiyewe,Sepik,Sepik > Sepik Hill > Western Sepik Hill > Saniyo-Hiyewe
som,soma1255,Somali,Afro-Asiatic,Afro-Asiatic > Cushitic > East Cushitic > Lowland East Cushitic > Southern Lowland East Cushitic > Mainstream Lowland East Cushitic > Omo-Tana > Eastern Omo-Tana > Somali
soq,kana1288,Kanasi,Dagan,Dagan > Southeast Dagan > Kanasi
soy,miyo1238,Miyobe,Atlantic-Congo,Atlantic-Congo > Volta-Congo > North Volta-Congo > Unclassified North Volta-Congo > Miyobe
spa,stan1288,Spanish,Indo-European,Indo-European > Classical Indo-European > Italic > Latino-Faliscan > Latinic > Imperial Latin > Romance > Italo-Western Romance > Western Romance > Shifted Western Romance > Southwestern Shifted Romance > West Ibero-Romance > Castilic > Spanish
spl,sele1250,Selepet,Nuclear Trans New Guinea,Nuclear Trans New Guinea > Finisterre-Huon > Huon > Western Huon > Cromwell > Kabwum > Selepet-Komba > Selepet
spm,sepe1240,Sepen,Ramu,Ramu > Lower Ramu > Ruboni > Mikarewan > Sepen
spp,supy1237,Supyire Senoufo,Atlantic-Congo,Atlantic-Congo > Volta-Congo > North Volta-Congo > Senufo > North Senufo > Supyiric > Supyire Senoufo
sps,sapo1253,Saposa,Austronesian,Austronesian > Malayo-Polynesian > Eastern Malayo-Polynesian > Oceanic > Western Oceanic linkage > Meso Melanesian linkage > New Ireland-Northwest Solomonic linkage > St George linkage > Northwest Solomonic > North Bougainville Oceanic > Nuclear North Bougainville Oceanic > Buka > Saposa-Tinputz > Saposa
spy,saba1262,Sabaot,Nilotic,Nilotic > Southern Nilotic > Kalenjin > Elgon-Mau Kalenjin > Sabaot
sri,siri1274,Siriano,Tucanoan,Tucanoan > Eastern Tucanoan > Western Eastern Tucanoan > Cubeo-Desano > Yupua-Siriano-Desano > Siriano-Desano > Siriano
srm,sara1340,Saramaccan,Indo-European,Indo-European > Classical Indo-European > Germanic > Northwest Germanic > West Germanic > North Sea Germanic > Anglo-Frisian > Anglic > Later Anglic > Middle-Modern English > Macro-English > Guinea Coast Creole English > Surinamese Creole English > Saramaccan
srn,sran1240,Sranan Tongo,Indo-European,Indo-European > Classical Indo-European > Germanic > Northwest Germanic > West Germanic > North Sea Germanic > Anglo-Frisian > Anglic > Later Anglic > Middle-Modern English > Macro-English > Guinea Coast Creole English > Surinamese Creole English > Eastern Maroons > Sranan Tongo
srp,serb1264,Serbian Standard,Indo-European,Indo-European > Classical Indo-European > Balto-Slavic > Slavic > South Slavic > Western South Slavic > Serbian-Croatian-Bosnian > Shtokavski > New Shtokavian > Eastern Herzegovinian Shtokavian > Serbian Standard
srq,siri1273,Sirionó,Tupian,Tupian > Eastern Tupian > Maweti-Guarani > Aweti-Guarani > Tupi-Guarani > Southern Tupi-Guarani > Tupi-Guarani Subgroup II > Warazu-Sirionoid > Sirionoid > Sirionó
ssd,siro1249,Siroi,Nuclear Trans New Guinea,Nuclear Trans New Guinea > Madang > Rai Coast > Kabenau > Siroi
ssg,seim1238,Seimat,Austronesian,Austronesian > Malayo-Polynesian > Eastern Malayo-Polynesian > Oceanic > Admiralty Islands > Western Admiralty Islands > Seimat
ssx,samb1321,Samberigi,Nuclear Trans New Guinea,Nuclear Trans New Guinea > Enga-Kewa-Huli > Kewa-Huli > Sau-Angal-Kewa > Samberigi
stp,sout2976,Southeastern Tepehuan,Uto-Aztecan,Uto-Aztecan > Southern Uto-Aztecan > Tepiman > Tepehuan > Southern Tepehuan > Southeastern Tepehuan
stw,sata1237,Satawalese,Austronesian,Austronesian > Malayo-Polynesian > Eastern Malayo-Polynesian > Oceanic > Micronesian > Central Micronesian > Western Micronesian > Chuukic-Ponapeic > Trukic > Nuclear Trukic > Central Trukic > Satawalese-Carolinian > Satawalese
sua,sulk1246,Sulka,Sulka,Sulka
sue,suen1241,Suena,Nuclear Trans New Guinea,Nuclear Trans New Guinea > Greater Binanderean > Binanderean > North Binanderean > Suena
sur,mwag1236,Mwaghavul,Afro-Asiatic,Afro-Asiatic > Chadic > West Chadic > West Chadic A > West Chadic A.2-3 > West Chadic A.3 > Mwaghavul
sus,susu1250,Susu,Mande,Mande > Western Mande > Manding-Kpelle > Central Mande > Susu-Yalunka > Susu
suz,sunw1242,Sunwar,Sino-Tibetan,Sino-Tibetan > Himalayish > Mahakiranti > Kiranti > Northwestern Kiranti > Bahing-Sunwar > Sunwar
swe,swed1254,Swedish,Indo-European,Indo-European > Classical Indo-European > Germanic > Northwest Germanic > North Germanic > North Scandinavian > East-Central Swedic > East Swedic > Swedish
swh,swah1253,Swahili,Atlantic-Congo,Atlantic-Congo > Volta-Congo > Benue-Congo > Bantoid > Southern Bantoid > Narrow Bantu > East Bantu > Northeast Savanna Bantu > Northeast Coastal Bantu > Coastal NEC Bantu > Sabaki-Swahili > Swahili (G.40) > Mombasa-Lamu-Inland Swahili > Swahili
swp,suau1242,Suau,Austronesian,Austronesian > Malayo-Polynesian > Eastern Malayo-Polynesian > Oceanic > Western Oceanic linkage > Papuan Tip linkage > Nuclear Papuan Tip linkage > Suauic > Suau chain > Suau
sxb,suba1238,Suba,Atlantic-Congo,Atlantic-Congo > Volta-Congo > Benue-Congo > Bantoid > Southern Bantoid > Narrow Bantu > East Bantu > Northeast Savanna Bantu > Great Lakes Bantu > East Nyanza > Nyanza Mara > North Mara > Suba
tac,lowl1265,Western Tarahumara,Uto-Aztecan,Uto-Aztecan > Southern Uto-Aztecan > Tarahumara-Guarijio > Tarahumaran > Western Tarahumara
taj,east2347,Eastern Tamang,Sino-Tibetan,Sino-Tibetan > Bodic > Kaike-Ghale-Tamangic > Ghale-Tamangic > Tamangic > Nuclear Tamang > Eastern Tamang
tam,tami1289,Tamil,Dravidian,Dravidian > South Dravidian > South Dravidian I > Tamil-Kannada > Tamil-Kota > Tamil-Toda > Tamil-Irula > Tamil-Kodagu > Tamil-Malayalam > Tamiloid > Tamil-Paliyan > Tamil
tap,taab1238,Taabwa,Atlantic-Congo,Atlantic-Congo > Volta-Congo > Benue-Congo > Bantoid > Southern Bantoid > Narrow Bantu > East Bantu > Sabi > Malungu-Central Sabi > Taabwa
tav,tatu1247,Tatuyo,Tucanoan,Tucanoan > Eastern Tucanoan > Eastern Eastern Tucanoan > Eastern Eastern Tucanoan I > Bara-Tatuyo > Tatuyo
taw,taii1241,Tai,Nuclear Trans New Guinea,Nuclear Trans New Guinea > Madang > Kalamic-South Adelbert > Kalam-Kobon > Etp-Ti Kalam > Tai
tbc,taki1248,Takia,Austronesian,Austronesian > Malayo-Polynesian > Eastern Malayo-Polynesian > Oceanic > Western Oceanic linkage > North New Guinea linkage > Ngero-Vitiaz linkage > Vitiaz linkage > Bel-Roinji-Nenaya > Bel > Western Bel > Takia
tbf,mand1440,Mandara,Austronesian,Austronesian > Malayo-Polynesian > Eastern Malayo-Polynesian > Oceanic > Western Oceanic linkage > Meso Melanesian linkage > New Ireland-Northwest Solomonic linkage > Tabar linkage > Mandara
tbg,nort2920,North Tairora,Nuclear Trans New Guinea,Nuclear Trans New Guinea > Kainantu-Goroka > Kainantu > Tairora > North Tairora
tbl,tbol1240,Tboli,Austronesian,Austronesian > Malayo-Polynesian > Bilic > Tboli-Blaan > Tboli
tbo,tawa1275,Tawala,Austronesian,Austronesian > Malayo-Polynesian > Eastern Malayo-Polynesian > Oceanic > Western Oceanic linkage > Papuan Tip linkage > Nuclear Papuan Tip linkage > North Papuan Mainland-D'Entrecasteaux linkage > Are-Taupota linkage > Taupota linkage > Nuclear Taupota linkage > Tawala
tbx,kapi1250,Kapin,Austronesian,Austronesian > Malayo-Polynesian > Eastern Malayo-Polynesian > Oceanic > Western Oceanic linkage > North New Guinea linkage > Huon Gulf > South Huon Gulf linkage > Buang linkage > Kapin
tbz,dita1238,Ditammari,Atlantic-Congo,Atlantic-Congo > Volta-Congo > North Volta-Congo > Gur > Central Gur > Northern Central Gur > Bwamu-Oti-Volta > Oti-Volta > Nuclear Oti-Volta > Oti-Volta Oriental > Waama-Tayari-Ditammari > Tayari-Ditammari > Ditammaric > Ditammari
tca,ticu1245,Ticuna,Ticuna-Yuri,Ticuna-Yuri > Ticuna
tcn,tich1238,Tichurong,Sino-Tibetan,Sino-Tibetan > Bodic > Bodish > Early Old Tibetan > Middle Old Tibetan > Late Old Tibetan > Central Tibetan > South-Western Tibetic > Dolpo-Tichurong > Tichurong
tcs,torr1261,Torres Strait-Lockhart River Creole,Indo-European,Indo-European > Classical Indo-European > Germanic > Northwest Germanic > West Germanic > North Sea Germanic > Anglo-Frisian > Anglic > Later Anglic > Middle-Modern English > Macro-English > Pacific Creole English > Early Melanesian Pidgin > Torres Strait-Lockhart River Creole
tcz,thad1238,Thado Chin,Sino-Tibetan,Sino-Tibetan > Kuki-Chin-Naga > Kuki-Chin > Peripheral Kuki-Chin > Northeastern Kuki-Chin > Thadoic > Thado Chin
tdt,tetu1246,Tetun Dili,Austronesian,Austronesian > Malayo-Polynesian > Timor-Babar > Eastern Timor > Central Timoric A > Tetunic > Tetun Dili
tdx,tand1256,Tandroy Malagasy,Austronesian,Austronesian > Malayo-Polynesian > Basap-Greater Barito > Greater Barito linkage > Southeast Barito > Malagasic > Southwestern Malagasic > Tandroy Malagasy
tee,hueh1236,Huehuetla Tepehua,Totonacan,Totonacan > Tepehua > Huehuetla Tepehua
tel,telu1262,Telugu,Dravidian,Dravidian > South Dravidian > South Dravidian II > Teluguic > Telugu
ter,tere1279,Terena-Kinikinao-Chane,Arawakan,Arawakan > Southern Maipuran > Bolivian Arawakan > Terena-Kinikinao-Chane
tet,tetu1245,Tetum,Austronesian,Austronesian > Malayo-Polynesian > Timor-Babar > Eastern Timor > Central Timoric A > Tetunic > Tetum
tew,tewa1260,Rio Grande Tewa,Kiowa-Tanoan,Kiowa-Tanoan > Tewa > Rio Grande Tewa
tfr,teri1250,Teribe,Chibchan,Chibchan > Core Chibchan > Isthmic Chibchan > Western Isthmic Chibchan > Teribe
tgj,tagi1241,Tagin,Sino-Tibetan,Sino-Tibetan > Macro-Tani > Tani > Pre-Western Tani > Western Tani > Subansiri > Bangni-Tagin > Tagin
tgk,taji1245,Tajik,Indo-European,Indo-European > Classical Indo-European > Indo-Iranian > Iranian-Nuristani > Iranian > Southwestern Iranian > Middle-Modern Persian > Modern Southwestern Iranian > Farsic-Caucasian Tat > Farsic > Eastern Farsic > Tajikic > Tajik
tgl,taga1270,Tagalog,Austronesian,Austronesian > Malayo-Polynesian > Greater Central Philippine > Central Philippine > Tagalogic > Tagalog-Filipino > Tagalog
tgo,sude1239,Sudest,Austronesian,Austronesian > Malayo-Polynesian > Eastern Malayo-Polynesian > Oceanic > Western Oceanic linkage > Papuan Tip linkage > Peripheral Papuan Tip linkage > Nimoa-Sudest > Sudest
tgp,tang1347,Movono,Austronesian,Austronesian > Malayo-Polynesian > Eastern Malayo-Polynesian > Oceanic > North and Central Vanuatu > Northern Vanuatu > Espiritu Santo > Nuclear Santo > South Santo > Araki-Tangoa > Movono
tha,thai1261,Thai,Tai-Kadai,Tai-Kadai > Kam-Tai > Daic-Beic > Daic > Central-Southwestern Tai > Wenma-Southwestern Tai > Sapa-Southwestern Tai > Southwestern Tai > Southwestern Thai PH > Lao-Thai > Thai
thr,rana1246,Rana Tharu,Indo-European,Indo-European > Classical Indo-European > Indo-Iranian > Indo-Aryan > Middle-Modern Indo-Aryan > Continental Indo-Aryan > Midlands Indo-Aryan > Shaurasenic > Bihari > Tharuic > Rana Tharu
tif,tifa1245,Tifal,Nuclear Trans New Guinea,Nuclear Trans New Guinea > Asmat-Awyu-Ok > Awyu-Ok > Ok-Oksapmin > Ok > Mountain Ok > Division A Mountain Ok > Tifal-Telefol > Tifalic > Tifal
tim,timb1251,Timbe,Nuclear Trans New Guinea,Nuclear Trans New Guinea > Finisterre-Huon > Huon > Western Huon > Cromwell > Kabwum > Timbe
tiw,tiwi1244,Tiwi,Tiwi,Tiwi
tiy,tiru1241,Tiruray,Austronesian,Austronesian > Malayo-Polynesian > Bilic > Tiruray
tke,takw1238,Takwane,Atlantic-Congo,Atlantic-Congo > Volta-Congo > Benue-Congo > Bantoid > Southern Bantoid > Narrow Bantu > East Bantu > North Mozambique Bantu > Chuwaboic > Takwane
tkr,tsak1249,Tsakhur,Nakh-Daghestanian,Nakh-Daghestanian > Daghestanian > Lezgic > Samur > Western Samur > Tsakhur
tku,uppe1275,Upper Necaxa Totonac,Totonacan,Totonacan > Totonac > Central Totonacan > Northern Totonacan > Necaxan > Upper Necaxa Totonac
tlf,tele1256,Telefol,Nuclear Trans New Guinea,Nuclear Trans New Guinea > Asmat-Awyu-Ok > Awyu-Ok > Ok-Oksapmin > Ok > Mountain Ok > Division A Mountain Ok > Tifal-Telefol > Telefol
tmd,haru1245,Haruai,Piawi,Piawi > Haruai
tna,taca1256,Tacana,Pano-Tacanan,Pano-Tacanan > Tacanan > Takanik-Chamik > Takanik > Tacana
tnc,tani1257,Tanimuca-Retuarã,Tucanoan,Tucanoan > Eastern Tucanoan > South Eastern Tucanoan > Tanimuca-Retuarã
tnk,kwam1252,Kwamera,Austronesian,Austronesian > Malayo-Polynesian > Eastern Malayo-Polynesian > Oceanic > Southern Melanesian > Southern Vanuatu > Tanna > Southern Tanna > Kwamera
tnn,nort2847,North Tanna,Austronesian,Austronesian > Malayo-Polynesian > Eastern Malayo-Polynesian > Oceanic > Southern Melanesian > Southern Vanuatu > Tanna > Northern Tanna linkage > Whitesands-North Tanna linkage > North Tanna
tnp,whit1269,Whitesands,Austronesian,Austronesian > Malayo-Polynesian > Eastern Malayo-Polynesian > Oceanic > Southern Melanesian > Southern Vanuatu > Tanna > Northern Tanna linkage > Whitesands-North Tanna linkage > Whitesands
toc,coyu1235,Coyutla Totonac,Totonacan,Totonacan > Totonac > Central Totonacan > South-Central Totonacan > Lowland-Sierra Totonacan > Sierra Totonacan > Coyutla Totonac
tod,toma1245,Toma,Mande,Mande > Western Mande > Manding-Kpelle > Southwest Mande > Mende-Loma > Loma > Toma
tof,gizr1240,Gizrra,Eastern Trans-Fly,Eastern Trans-Fly > Binaturi > Kura > Gizrra
toj,tojo1241,Tojolabal,Mayan,Mayan > Core Mayan > Western Mayan > Kanjobalan-Chujean > Chujean > Tojolabal
ton,tong1325,Tonga (Tonga Islands),Austronesian,Austronesian > Malayo-Polynesian > Eastern Malayo-Polynesian > Oceanic > Central Pacific linkage > Tokalau Fijian > Polynesian > Tongic > Tonga (Tonga Islands)
too,xico1235,Xicotepec De Juárez Totonac,Totonacan,Totonacan > Totonac > Central Totonacan > Northern Totonacan > Xicotepec De Juárez Totonac
top,papa1238,Papantla Totonac,Totonacan,Totonacan > Totonac > Central Totonacan > South-Central Totonacan > Lowland-Sierra Totonacan > Papantla Totonac
tos,high1243,Highland Totonac,Totonacan,Totonacan > Totonac > Central Totonacan > South-Central Totonacan > Lowland-Sierra Totonacan > Sierra Totonacan > Highland Totonac
tpa,taup1242,Taupota,Austronesian,Austronesian > Malayo-Polynesian > Eastern Malayo-Polynesian > Oceanic > Western Oceanic linkage > Papuan Tip linkage > Nuclear Papuan Tip linkage > North Papuan Mainland-D'Entrecasteaux linkage > Are-Taupota linkage > Taupota linkage > Nuclear Taupota linkage > Eastern Taupota > Taupota-Waiema > Taupota
tpi,tokp1240,Tok Pisin,Indo-European,Indo-European > Classical Indo-European > Germanic > Northwest Germanic > West Germanic > North Sea Germanic > Anglo-Frisian > Anglic > Later Anglic > Middle-Modern English > Macro-English > Pacific Creole English > Early Melanesian Pidgin > Tok Pisin
tpt,tlac1235,Tlachichilco Tepehua,Totonacan,Totonacan > Tepehua > Tlachichilco Tepehua
tpz,tinp1237,Tinputz,Austronesian,Austronesian > Malayo-Polynesian > Eastern Malayo-Polynesian > Oceanic > Western Oceanic linkage > Meso Melanesian linkage > New Ireland-Northwest Solomonic linkage > St George linkage > Northwest Solomonic > North Bougainville Oceanic > Nuclear North Bougainville Oceanic > Buka > Saposa-Tinputz > Tinputzic > Tinputz
trc,copa1237,Copala Triqui,Otomanguean,Otomanguean > Eastern Otomanguean > Amuzgo-Mixtecan > Mixtecan > Trique > Copala Triqui
tsn,tswa1253,Tswana,Atlantic-Congo,Atlantic-Congo > Volta-Congo > Benue-Congo > Bantoid > Southern Bantoid > Narrow Bantu > East Bantu > Southern Bantu > Nuclear Southern Bantu > Dimsuffix Southern Bantu > Sotho-Tswana (S.30) > Western Sotho-Tswana > Central Sotho-Tswana > Tswana
tsw,tsis1238,Salka-Tsishingini,Atlantic-Congo,Atlantic-Congo > Volta-Congo > Benue-Congo > Kainji > Central Kainji > Kambari-Cicipu > Kambaric > East Kambaric > Salka-Tsishingini
ttc,tekt1235,Tektiteko,Mayan,Mayan > Core Mayan > Quichean-Mamean > Greater Mamean > Mamean > Tektiteko
tte,bwan1241,Bwanabwana,Austronesian,Austronesian > Malayo-Polynesian > Eastern Malayo-Polynesian > Oceanic > Western Oceanic linkage > Papuan Tip linkage > Nuclear Papuan Tip linkage > Suauic > Bwanabwana
tuc,mutu1242,Mutu,Austronesian,Austronesian > Malayo-Polynesian > Eastern Malayo-Polynesian > Oceanic > Western Oceanic linkage > North New Guinea linkage > Ngero-Vitiaz linkage > Ngero > Western Ngero > Tuam > Mutu
tue,tuyu1244,Tuyuca,Tucanoan,Tucanoan > Eastern Tucanoan > Eastern Eastern Tucanoan > Eastern Eastern Tucanoan II > Pisamira-Yuruti > Tuyuca-Yuruti > Tuyuca
tuf,cent2150,Central Tunebo,Chibchan,Chibchan > Core Chibchan > Magdalenic > Southern Magdalenic > Tunebo > Central Tunebo
tuo,tuca1252,Tucano,Tucanoan,Tucanoan > Eastern Tucanoan > Eastern Eastern Tucanoan > Eastern Eastern Tucanoan I > Tucano
tur,nucl1301,Turkish,Turkic,Turkic > Common Turkic > Oghuz > Nuclear Oghuz > West Oghuz > Turkish
tvk,sout2859,Southeast Ambrym,Austronesian,Austronesian > Malayo-Polynesian > Eastern Malayo-Polynesian > Oceanic > North and Central Vanuatu > Central Vanuatu > Ambrym > Southeast Ambrym
tvn,tavo1242,Tavoyan,Sino-Tibetan,Sino-Tibetan > Burmo-Qiangic > Lolo-Burmese > Burmish > Southern Burmish > Mranmaic > Nuclear Mranmaic > Tavoyan
tvt,tuts1235,Tutsa Naga,Sino-Tibetan,Sino-Tibetan > Brahmaputran > Patkaian > North Patkaian > Noctean > Tutsic > Tutsa Naga
twi,twii1234,Twi,Atlantic-Congo,Atlantic-Congo > Volta-Congo > Kwa Volta-Congo > Nyo > Potou-Tano > Tano > Central Tano > Akanic > Akan > Twi
txq,tiii1241,Tii,Austronesian,Austronesian > Malayo-Polynesian > Timor-Babar > Rote-Meto > Nuclear Rote > Tii
txu,kaya1330,Mebengokre,Nuclear-Macro-Je,Nuclear-Macro-Je > Je > Cerrado > Goyaz > Northern Je > Mebengokre
tyx,teke1276,Teke-Tyee,Atlantic-Congo,Atlantic-Congo > Volta-Congo > Benue-Congo > Bantoid > Southern Bantoid > Narrow Bantu > Central-Western Bantu > West-Coastal Bantu > Nzadic > Lweric > Dingic > Loange-Atlantic > Kwilu-Ngounie > Kasai-Ngounie > Moyen Kasai-Ngounie > Interior Kasai-Ngounie > Teke-Tyee
tzj,tzut1248,Tz'utujil,Mayan,Mayan > Core Mayan > Quichean-Mamean > Greater Quichean > Core Quichean > Cakchiquel-Tzutujil > Tz'utujil
tzo,tzot1259,Tzotzil,Mayan,Mayan > Core Mayan > Western Mayan > Cholan-Tzeltalan > Tzeltalan > Tzotzil
ubr,ubir1237,Ubir,Austronesian,Austronesian > Malayo-Polynesian > Eastern Malayo-Polynesian > Oceanic > Western Oceanic linkage > Papuan Tip linkage > Nuclear Papuan Tip linkage > North Papuan Mainland-D'Entrecasteaux linkage > Are-Taupota linkage > Are linkage > Ubir
ubu,umbu1258,Umbu-Ungu,Nuclear Trans New Guinea,Nuclear Trans New Guinea > Chimbu-Wahgi > Hagen > Aua-Gawil > Umbu-Ungu
udu,uduk1239,Uduk,Koman,Koman > Central Koman > Komo-Uduk > Uduk
uig,uigh1240,Uighur,Turkic,Turkic > Common Turkic > Kipchak-Turkestan > Turkestan > Modern Turkestan > Uyghuric > Uighur
ukr,ukra1253,Ukrainian,Indo-European,Indo-European > Classical Indo-European > Balto-Slavic > Slavic > East Slavic > Ukrainian-Rusyn > Ukrainian
uli,ulit1238,Ulithian,Austronesian,Austronesian > Malayo-Polynesian > Eastern Malayo-Polynesian > Oceanic > Micronesian > Central Micronesian > Western Micronesian > Chuukic-Ponapeic > Trukic > Western Trukic > Ulithian
ulk,meri1244,Meriam,Eastern Trans-Fly,Eastern Trans-Fly > Binaturi > Kura > Meriam
unx,mund1321,Munda,Bookkeeping,Bookkeeping > Munda
upv,urip1239,Uripiv-Wala-Rano-Atchin,Austronesian,Austronesian > Malayo-Polynesian > Eastern Malayo-Polynesian > Oceanic > North and Central Vanuatu > Central Vanuatu > Malakula > Eastern Malakula linkage > Uripiv-Wala-Rano-Atchin
ura,urar1246,Urarina,Urarina,Urarina
urb,urub1250,Urubú-Kaapor,Tupian,Tupian > Eastern Tupian > Maweti-Guarani > Aweti-Guarani > Tupi-Guarani > Tupi-Guarani Subgroup VIII > Guaja-Kaapor-Ava > Urubú-Kaapor
urd,urdu1245,Urdu,Indo-European,Indo-European > Classical Indo-European > Indo-Iranian > Indo-Aryan > Middle-Modern Indo-Aryan > Continental Indo-Aryan > Midlands Indo-Aryan > Shaurasenic > Indo-Aryan Central zone > Western Hindi > Hindustani > Urdu
uri,urim1252,Urim,Nuclear Torricelli,Nuclear Torricelli > Urim
uro,urap1240,Ura (Papua New Guinea),Baining,Baining > Southern Baining > Ura (Papua New Guinea)
urt,urat1244,Urat,Nuclear Torricelli,Nuclear Torricelli > Kombio-Arapesh-Urat > Urat
urw,sopp1247,Sop,Nuclear Trans New Guinea,Nuclear Trans New Guinea > Madang > Rai Coast > Peka > Sop
usa,usar1243,Usarufa,Nuclear Trans New Guinea,Nuclear Trans New Guinea > Kainantu-Goroka > Kainantu > Gauwa > Auyana > Usarufa
usp,uspa1245,Uspanteco,Mayan,Mayan > Core Mayan > Quichean-Mamean > Greater Quichean > Uspanteco
utr,etul1245,Etulo,Atlantic-Congo,Atlantic-Congo > Volta-Congo > Benue-Congo > Idomoid > Akweya > Etulo-Idoma > Etulo
uvh,urii1240,Uri,Nuclear Trans New Guinea,Nuclear Trans New Guinea > Finisterre-Huon > Finisterre-Saruwaged > Erap > Uri
uvl,lote1237,Lote,Austronesian,Austronesian > Malayo-Polynesian > Eastern Malayo-Polynesian > Oceanic > Western Oceanic linkage > North New Guinea linkage > Ngero-Vitiaz linkage > Vitiaz linkage > Mengenic > Lote
vaa,vaag1238,Vaagri Booli,Indo-European,Indo-European > Classical Indo-European > Indo-Iranian > Indo-Aryan > Middle-Modern Indo-Aryan > Continental Indo-Aryan > Midlands Indo-Aryan > Bhil > Vaagri Booli
vgr,vagh1246,Vaghri,Indo-European,Indo-European > Classical Indo-European > Indo-Iranian > Indo-Aryan > Middle-Modern Indo-Aryan > Continental Indo-Aryan > Midlands Indo-Aryan > Apabhramsic > Gujarati-Rajasthani > Gujaratic > Western Gujaratic > Vaghri
vid,vidu1238,Vidunda,Atlantic-Congo,Atlantic-Congo > Volta-Congo > Benue-Congo > Bantoid > Southern Bantoid > Narrow Bantu > East Bantu > Northeast Savanna Bantu > Northeast Coastal Bantu > Ruvu > West Ruvu > Vidunda-Sagala > Vidunda
vie,viet1252,Vietnamese,Austroasiatic,Austroasiatic > Vietic > Viet-Muong > Vietnamese
viv,idun1242,Iduna,Austronesian,Austronesian > Malayo-Polynesian > Eastern Malayo-Polynesian > Oceanic > Western Oceanic linkage > Papuan Tip linkage > Nuclear Papuan Tip linkage > North Papuan Mainland-D'Entrecasteaux linkage > Bwaidoga linkage > Bwaidoka-Iduna > Iduna
vmy,ayau1235,Ayautla Mazatec,Otomanguean,Otomanguean > Eastern Otomanguean > Popoloca-Zapotecan > Popolocan-Mazatecan > Mazatecan > Valley Mazatec > Ayautlic > Ayautla Mazatec
waj,waff1241,Waffa,Nuclear Trans New Guinea,Nuclear Trans New Guinea > Kainantu-Goroka > Kainantu > Tairora > Waffa
wal,wola1242,Wolaytta,Ta-Ne-Omotic,Ta-Ne-Omotic > Ometo > North-West Ometo > Central Ometo > Wolaytta
wap,wapi1253,Wapishana,Arawakan,Arawakan > Negro-Roraima > Pidjanan > Wapishanan > Wapishana-Atorai > Wapishana
wat,kani1281,Kaninuwa,Austronesian,Austronesian > Malayo-Polynesian > Eastern Malayo-Polynesian > Oceanic > Western Oceanic linkage > Papuan Tip linkage > Nuclear Papuan Tip linkage > North Papuan Mainland-D'Entrecasteaux linkage > Are-Taupota linkage > Are linkage > Kaninuwa
wbi,vwan1235,Vwanji,Atlantic-Congo,Atlantic-Congo > Volta-Congo > Benue-Congo > Bantoid > Southern Bantoid > Narrow Bantu > East Bantu > Northeast Savanna Bantu > Southern Tanzania Highlands Bantu > Wanji-Sangu > Vwanji
wbp,warl1254,Warlpiri,Pama-Nyungan,Pama-Nyungan > Desert Nyungic > Ngumpin-Yapa > Yapa > Warlpiri
wbq,wadd1237,Waddar,Dravidian,Dravidian > South Dravidian > South Dravidian II > Teluguic > Waddar
wed,weda1241,Wedau,Austronesian,Austronesian > Malayo-Polynesian > Eastern Malayo-Polynesian > Oceanic > Western Oceanic linkage > Papuan Tip linkage > Nuclear Papuan Tip linkage > North Papuan Mainland-D'Entrecasteaux linkage > Are-Taupota linkage > Taupota linkage > Nuclear Taupota linkage > Wedauic > Wedau
wer,weri1253,Weri,Kunimaipan,Kunimaipan > Weric > Weri
wim,wikm1247,Wik-Mungkan,Pama-Nyungan,Pama-Nyungan > Paman > Compromise Middle Pama > Wik > Kuku-Wik-Ep > Kuku-Wik > Mungkanic > Mungkan-Mungkanhu > Wik-Mungkan
wiu,wiru1244,Wiru,Wiru,Wiru
wiv,mudu1242,Muduapa,Austronesian,Austronesian > Malayo-Polynesian > Eastern Malayo-Polynesian > Oceanic > Western Oceanic linkage > Meso Melanesian linkage > Bali-Vitu > Muduapa
wja,waja1259,Waja,Atlantic-Congo,Atlantic-Congo > Volta-Congo > North Volta-Congo > Gur > Central Gur > Tula-Longuda > Tula-Waja > Waja
wlo,woli1241,Wolio,Austronesian,Austronesian > Malayo-Polynesian > Celebic > Kaili-Wolio > Southern Kaili-Wolio > Island Kaili-Wolio > Wolio-Kamaru > Wolio
wmt,walm1241,Walmajarri-Juwaliny,Pama-Nyungan,Pama-Nyungan > Desert Nyungic > Ngumpin-Yapa > Ngumpin > Western Ngumpin > Walmajarri-Juwaliny
wmw,mwan1247,Mwani,Atlantic-Congo,Atlantic-Congo > Volta-Congo > Benue-Congo > Bantoid > Southern Bantoid > Narrow Bantu > East Bantu > Northeast Savanna Bantu > Northeast Coastal Bantu > Coastal NEC Bantu > Sabaki-Swahili > Mwani
wnc,want1252,Wantoat,Nuclear Trans New Guinea,Nuclear Trans New Guinea > Finisterre-Huon > Finisterre-Saruwaged > Wantoatic > Wantoat-Awara > Wantoat
wnu,usan1239,Usan,Nuclear Trans New Guinea,Nuclear Trans New Guinea > Madang > Croisilles > Greater Northern Adelbert > Northern Adelbert > Numugenan > Karian-Usan-Yaben > Usan
wol,nucl1347,Wolof,Atlantic-Congo,Atlantic-Congo > North-Central Atlantic > Wolof-BKK > Wolofic > Wolof
wos,hang1263,Hanga Hundi,Ndu,Ndu > Nuclear Ndu > Ambulas-Hanga-Hundi > Hanga Hundi
wrk,gara1269,Garrwa,Garrwan,Garrwan > Garrwa
wro,worr1237,Worrorra,Worrorran,Worrorran > Western Worrorran > Worrorra
wrs,wari1266,Waris,Border,Border > Warisic > Nuclear Warisic > Waris
wsk,wask1241,Waskia,Nuclear Trans New Guinea,Nuclear Trans New Guinea > Madang > Croisilles > Greater Northern Adelbert > Kowan > Waskia
wuv,wuvu1239,Wuvulu-Aua,Austronesian,Austronesian > Malayo-Polynesian > Eastern Malayo-Polynesian > Oceanic > Admiralty Islands > Western Admiralty Islands > Wuvulu-Aua
xav,xava1240,Xavánte,Nuclear-Macro-Je,Nuclear-Macro-Je > Je > Cerrado > Central Je > Xavánte
xbi,komb1272,Kombio,Nuclear Torricelli,Nuclear Torricelli > Kombio-Arapesh-Urat > Kombio-Yambes > Kombioic > Kombio
xed,hdii1240,Hdi,Afro-Asiatic,Afro-Asiatic > Chadic > Biu-Mandara > North Biu-Mandara > Lamang-Hdi > Hdi
xla,kamu1260,Kamula,Kamula-Elevala,Kamula-Elevala > Kamula
xnj,tanz1241,Tanzanian Ngoni,Atlantic-Congo,Atlantic-Congo > Volta-Congo > Benue-Congo > Bantoid > Southern Bantoid > Narrow Bantu > East Bantu > Northeast Savanna Bantu > Southern Tanzania Highlands Bantu > Manda-Ngoni > Tanzania-Mozambique Ngoni > Tanzanian Ngoni
xnn,nort2877,Northern Kankanay,Austronesian,Austronesian > Malayo-Polynesian > Northern Luzon > Meso-Cordilleran > South-Central Cordilleran > Central Cordilleran > Nuclear Cordilleran > Bontok-Kankanay > Kankanay > Maeng-Northern Kankanay > Northern Kankanay
xon,konk1269,Konkomba,Atlantic-Congo,Atlantic-Congo > Volta-Congo > North Volta-Congo > Gur > Central Gur > Northern Central Gur > Bwamu-Oti-Volta > Oti-Volta > Nuclear Oti-Volta > Gurma-Yom-Oti-Volta Occidental > Gurma-Yom-Naudem > Gurma > Gurma B > Konkomba-Gangam > Konkomba
xsi,sioo1240,Sio,Austronesian,Austronesian > Malayo-Polynesian > Eastern Malayo-Polynesian > Oceanic > Western Oceanic linkage > North New Guinea linkage > Ngero-Vitiaz linkage > Vitiaz linkage > Sio
xsn,sang1329,Sanga (Nigeria),Atlantic-Congo,Atlantic-Congo > Volta-Congo > Benue-Congo > Kainji > Central Kainji > Basa-Eastern Kainji > Eastern Kainji > Jos > Northern Jos > North-Central Jos > Chokobo-Lemoro-Sanga > Lemoro-Sanga > Sanga (Nigeria)
xtd,diux1235,Diuxi-Tilantongo Mixtec,Otomanguean,Otomanguean > Eastern Otomanguean > Amuzgo-Mixtecan > Mixtecan > Mixtec-Cuicatec > Mixtec > Eastern Alta Mixtec > Diuxi-Tilantongo Mixtec
xtm,magd1235,Magdalena Peñasco Mixtec,Otomanguean,Otomanguean > Eastern Otomanguean > Amuzgo-Mixtecan > Mixtecan > Mixtec-Cuicatec > Mixtec > Western Alta Mixtec > Tlaxiacic > Magdalena Peñasco Mixtec
yaa,yami1256,Yaminahua,Pano-Tacanan,Pano-Tacanan > Panoan > Mainline Pano > Pano Nawa > Headwaters Pano > Yaminawa Complex > Yaminahua
yad,yagu1244,Yagua,Peba-Yagua,Peba-Yagua > Yagua
yaf,yaka1269,Yaka-Pelende-Lonzo,Atlantic-Congo,Atlantic-Congo > Volta-Congo > Benue-Congo > Bantoid > Southern Bantoid > Narrow Bantu > Central-Western Bantu > West-Coastal Bantu > Nzadic > Lweric > Dingic > Loange-Atlantic > KLC Extended > Kikongo Language Cluster > Nuclear KLC > Yaka-Suku > Yaka-Pelende-Lonzo
yal,yalu1240,Yalunka,Mande,Mande > Western Mande > Manding-Kpelle > Central Mande > Susu-Yalunka > Yalunka
yao,yaoo1241,Yao,Atlantic-Congo,Atlantic-Congo > Volta-Congo > Benue-Congo > Bantoid > Southern Bantoid > Narrow Bantu > East Bantu > Rufiji-Ruvuma > Ruvuma > Yaoic > Yao
yap,yape1248,Yapese,Austronesian,Austronesian > Malayo-Polynesian > Eastern Malayo-Polynesian > Oceanic > Yapesic > Yapese
yaq,yaqu1251,Yaqui,Uto-Aztecan,Uto-Aztecan > Southern Uto-Aztecan > Cahitan > Yaqui
yby,yawe1241,Yaweyuha,Nuclear Trans New Guinea,Nuclear Trans New Guinea > Kainantu-Goroka > Goroka > Nuclear Goroka > Siane-Yagaria > Yaweyuha
ycn,yucu1253,Yucuna,Arawakan,Arawakan > Japura-Colombia > Nuclear Japura-Colombia > Caqueta > Yucuna
ydd,east2295,Eastern Yiddish,Indo-European,Indo-European > Classical Indo-European > Germanic > Northwest Germanic > West Germanic > High German > Middle German > East Middle German > Schlesisch-Wilmesau > Eastern Yiddish
yer,taro1263,Tarok,Atlantic-Congo,Atlantic-Congo > Volta-Congo > Benue-Congo > Benue-Congo Plateau > Tarokoid > Yangkam-Tarok-Pe > Tarok-Pe > Tarok
yka,yaka1277,Yakan,Austronesian,Austronesian > Malayo-Polynesian > Basap-Greater Barito > Greater Barito linkage > Sama-Bajaw > Yakan
yle,yele1255,Yele,Yele,Yele
yml,iama1237,Iamalele,Austronesian,Austronesian > Malayo-Polynesian > Eastern Malayo-Polynesian > Oceanic > Western Oceanic linkage > Papuan Tip linkage > Nuclear Papuan Tip linkage > North Papuan Mainland-D'Entrecasteaux linkage > Bwaidoga linkage > Iamalelic > Iamalele
ymp,yama1260,Yamap,Austronesian,Austronesian > Malayo-Polynesian > Eastern Malayo-Polynesian > Oceanic > Western Oceanic linkage > North New Guinea linkage > Huon Gulf > South Huon Gulf linkage > Misim-Yamap > Yamap
yns,yans1239,Yansi,Atlantic-Congo,Atlantic-Congo > Volta-Congo > Benue-Congo > Bantoid > Southern Bantoid > Narrow Bantu > Central-Western Bantu > West-Coastal Bantu > Nzadic > Lweric > Dingic > Loange-Atlantic > Kwilu-Ngounie > Yansi
yom,yomb1244,Yombe,Atlantic-Congo,Atlantic-Congo > Volta-Congo > Benue-Congo > Bantoid > Southern Bantoid > Narrow Bantu > Central-Western Bantu > West-Coastal Bantu > Nzadic > Lweric > Dingic > Loange-Atlantic > KLC Extended > Kikongo Language Cluster > Nuclear KLC > Kikongoic > Kambakunyic Kikongo > Kilaadic Kikongo > Central-Southern Kikongo > West Kikongo > Yombe
yon,yong1280,Yonggom,Nuclear Trans New Guinea,Nuclear Trans New Guinea > Asmat-Awyu-Ok > Awyu-Ok > Ok-Oksapmin > Ok > Lowland Ok > Division A Lowland Ok > Yonggom
yor,yoru1245,Yoruba,Atlantic-Congo,Atlantic-Congo > Volta-Congo > Benue-Congo > Defoid > Yoruboid > Edekiri > Ede > Eastern Ede > Southeastern Ede > Nuclear Yoruba > Lucumi-Yoruba > Yoruba
yrb,yare1248,Yareba,Yareban,Yareban > Yareba-Bariji-Nawaru > Yareba
yre,yaou1238,Yaouré,Mande,Mande > Eastern Mande > Southeastern Mande > Mano-Dan > Guro-Dan > Guro-Yaoure > Yaouré
yss,yess1239,Yessan-Mayo,Sepik,Sepik > Sepik Tama > Mayo-Pasi > Yessan-Mayo
yuj,kark1258,Karkar-Yuri,Pauwasi,Pauwasi > Eastern Pauwasi > Karkar-Yuri
yut,yopn1238,Yopno,Nuclear Trans New Guinea,Nuclear Trans New Guinea > Finisterre-Huon > Finisterre-Saruwaged > Yupna > Kewieng-Bonkiman-Nokopo > Yopno
yuw,yaum1237,Yau-Nungon,Nuclear Trans New Guinea,Nuclear Trans New Guinea > Finisterre-Huon > Finisterre-Saruwaged > Uruwa > Yau-Nungon
yva,nucl1454,Yawa,Yawa-Saweru,Yawa-Saweru > Yawa
zaa,sier1250,Sierra de Juárez Zapotec,Otomanguean,Otomanguean > Eastern Otomanguean > Popoloca-Zapotecan > Zapotecan > Zapotec > Core Zapotec > Narrow Core Zapotec > Northern Core Zapotec > Sierra Juarezic > Sierra de Juárez Zapotec
zab,sanj1284,Western Tlacolula Valley Zapotec,Otomanguean,Otomanguean > Eastern Otomanguean > Popoloca-Zapotecan > Zapotecan > Zapotec > Core Zapotec > Narrow Core Zapotec > Central Core Zapotec > Western Valley Zapotec > Western Tlacolula Valley Zapotec
zac,ocot1244,Ocotlán Zapotec,Otomanguean,Otomanguean > Eastern Otomanguean > Popoloca-Zapotecan > Zapotecan > Zapotec > Core Zapotec > Narrow Core Zapotec > Central Core Zapotec > Western Valley Zapotec > Extended Ocotepec Zapotec > Ocotlán Zapotec
zad,cajo1238,Cajonos Zapotec,Otomanguean,Otomanguean > Eastern Otomanguean > Popoloca-Zapotecan > Zapotecan > Zapotec > Core Zapotec > Narrow Core Zapotec > Northern Core Zapotec > Cajonosic > Cajonos Zapotec
zai,isth1244,Isthmus Zapotec,Otomanguean,Otomanguean > Eastern Otomanguean > Popoloca-Zapotecan > Zapotecan > Zapotec > Core Zapotec > Narrow Core Zapotec > Central Core Zapotec > Western Valley Zapotec > Extended Ocotepec Zapotec > Isthmus Zapotec
zaj,zara1247,Zaramo,Atlantic-Congo,Atlantic-Congo > Volta-Congo > Benue-Congo > Bantoid > Southern Bantoid > Narrow Bantu > East Bantu > Northeast Savanna Bantu > Northeast Coastal Bantu > Ruvu > East Ruvu > Central East Ruvu > Kutu-Zaramo > Zaramo
zak,zana1238,Zanaki,Atlantic-Congo,Atlantic-Congo > Volta-Congo > Benue-Congo > Bantoid > Southern Bantoid > Narrow Bantu > East Bantu > Northeast Savanna Bantu > Great Lakes Bantu > East Nyanza > Nyanza Mara > South Mara > Southwest Mara > Zanaki
zam,miah1235,Cuixtla-Xitla Zapotec,Otomanguean,Otomanguean > Eastern Otomanguean > Popoloca-Zapotecan > Zapotecan > Zapotec > Core Zapotec > Narrow Core Zapotec > Miahuatecano > Miahuateco > Cuixtla-Xitla Zapotec
zao,ozol1235,Ozolotepec Zapotec,Otomanguean,Otomanguean > Eastern Otomanguean > Popoloca-Zapotecan > Zapotecan > Zapotec > Core Zapotec > Narrow Core Zapotec > Miahuatecano > Miahuateco > Ozolotepec Zapotec
zar,rinc1236,Rincón Zapotec,Otomanguean,Otomanguean > Eastern Otomanguean > Popoloca-Zapotecan > Zapotecan > Zapotec > Core Zapotec > Narrow Core Zapotec > Northern Core Zapotec > Rinconic > Rincón Zapotec
zas,sant1450,Santo Domingo Albarradas Zapotec,Otomanguean,Otomanguean > Eastern Otomanguean > Popoloca-Zapotecan > Zapotecan > Zapotec > Core Zapotec > Narrow Core Zapotec > Central Core Zapotec > Santo Domingo Albarradas Zapotec
zat,taba1268,Tabaa Zapotec,Otomanguean,Otomanguean > Eastern Otomanguean > Popoloca-Zapotecan > Zapotecan > Zapotec > Core Zapotec > Narrow Core Zapotec > Northern Core Zapotec > Cajonosic > Tabaa Zapotec
zav,yatz1235,Yatzachi Zapotec,Otomanguean,Otomanguean > Eastern Otomanguean > Popoloca-Zapotecan > Zapotecan > Zapotec > Core Zapotec > Narrow Core Zapotec > Northern Core Zapotec > Cajonosic > Yatzachi Zapotec
zaw,mitl1236,Mitla Zapotec,Otomanguean,Otomanguean > Eastern Otomanguean > Popoloca-Zapotecan > Zapotecan > Zapotec > Core Zapotec > Narrow Core Zapotec > Central Core Zapotec > Mitla Zapotec
zbu,zara1252,Bu (Zaranda),Afro-Asiatic,Afro-Asiatic > Chadic > West Chadic > West Chadic B > West Chadic B.3 > South Bauchi West > Northwest South Bauchi > Gejic > Bu (Zaranda)
zca,coat1244,Coatecas Altas Zapotec,Otomanguean,Otomanguean > Eastern Otomanguean > Popoloca-Zapotecan > Zapotecan > Zapotec > Core Zapotec > Macrocoatecano > Coatecas Altas Zapotec
zga,nucl1379,Kinga,Atlantic-Congo,Atlantic-Congo > Volta-Congo > Benue-Congo > Bantoid > Southern Bantoid > Narrow Bantu > East Bantu > Northeast Savanna Bantu > Southern Tanzania Highlands Bantu > Kinga-Magoma > Kinga
zia,ziaa1250,Zia,Nuclear Trans New Guinea,Nuclear Trans New Guinea > Greater Binanderean > Binanderean > North Binanderean > Zia
zin,zinz1238,Zinza,Atlantic-Congo,Atlantic-Congo > Volta-Congo > Benue-Congo > Bantoid > Southern Bantoid > Narrow Bantu > East Bantu > Northeast Savanna Bantu > Great Lakes Bantu > West Nyanza > Rutara > Zinza
ziw,zigu1244,Zigula-Mushungulu,Atlantic-Congo,Atlantic-Congo > Volta-Congo > Benue-Congo > Bantoid > Southern Bantoid > Narrow Bantu > East Bantu > Northeast Savanna Bantu > Northeast Coastal Bantu > Ruvu > West Ruvu > Seuta > Zigua-Nguu > Zigula-Mushungulu
zlm,mala1479,Central Malay,Austronesian,Austronesian > Malayo-Polynesian > Malayo-Chamic > Malayic > Nuclear Malayic > Greater Riau-Johoric > Central Malay
zos,fran1266,Northern Chiapas Zoque,Mixe-Zoque,Mixe-Zoque > Zoque > Chiapas-Jitotolteco Zoque > Chiapas Zoque > Northern Chiapas Zoque
zpc,choa1237,Choapan Zapotec,Otomanguean,Otomanguean > Eastern Otomanguean > Popoloca-Zapotecan > Zapotecan > Zapotec > Core Zapotec > Narrow Core Zapotec > Northern Core Zapotec > Choapan Zapotec
zpi,sant1451,Santa María Quiegolani Zapotec,Otomanguean,Otomanguean > Eastern Otomanguean > Popoloca-Zapotecan > Zapotecan > Zapotec > Core Zapotec > Narrow Core Zapotec > Central Core Zapotec > Cisyautepequeño > Santa María Quiegolani Zapotec
zpl,lach1249,Lachixío Zapotec,Otomanguean,Otomanguean > Eastern Otomanguean > Popoloca-Zapotecan > Zapotecan > Zapotec > West Zapotec > West-Central West Zapotec > Lachixío Zapotec
zpm,mixt1426,Mixtepec Zapotec,Otomanguean,Otomanguean > Eastern Otomanguean > Popoloca-Zapotecan > Zapotecan > Zapotec > Core Zapotec > Narrow Core Zapotec > Central Core Zapotec > Cisyautepequeño > Mixtepec-Quioquitani-Quieri Zapotec > Mixtepec Zapotec
zpo,amat1238,Amatlán Zapotec,Otomanguean,Otomanguean > Eastern Otomanguean > Popoloca-Zapotecan > Zapotecan > Zapotec > Core Zapotec > Macrocoatecano > Amatecano > Amatlán Zapotec
zpq,zoog1238,Zoogocho Zapotec,Otomanguean,Otomanguean > Eastern Otomanguean > Popoloca-Zapotecan > Zapotecan > Zapotec > Core Zapotec > Narrow Core Zapotec > Northern Core Zapotec > Cajonosic > Zoogocho Zapotec
zpu,yala1267,Yalálag Zapotec,Otomanguean,Otomanguean > Eastern Otomanguean > Popoloca-Zapotecan > Zapotecan > Zapotec > Core Zapotec > Narrow Core Zapotec > Northern Core Zapotec > Cajonosic > Yalálag Zapotec
zpv,chic1274,Chichicapan Zapotec,Otomanguean,Otomanguean > Eastern Otomanguean > Popoloca-Zapotecan > Zapotecan > Zapotec > Core Zapotec > Narrow Core Zapotec > Central Core Zapotec > Western Valley Zapotec > Chichicapan Zapotec
zpz,texm1235,Texmelucan Zapotec,Otomanguean,Otomanguean > Eastern Otomanguean > Popoloca-Zapotecan > Zapotecan > Zapotec > Core Zapotec > Papabuco > Texmelucan Zapotec
zsr,sout3004,Southern Rincon Zapotec,Otomanguean,Otomanguean > Eastern Otomanguean > Popoloca-Zapotecan > Zapotecan > Zapotec > Core Zapotec > Narrow Core Zapotec > Northern Core Zapotec > Rinconic > Rincón Zapotec > Southern Rincon Zapotec
ztp,loxi1235,Loxicha Zapotec,Otomanguean,Otomanguean > Eastern Otomanguean > Popoloca-Zapotecan > Zapotecan > Zapotec > Core Zapotec > Narrow Core Zapotec > Miahuatecano > Miahuateco > Loxicha Zapotec
ztq,quio1241,Quioquitani-Quieri Zapotec,Otomanguean,Otomanguean > Eastern Otomanguean > Popoloca-Zapotecan > Zapotecan > Zapotec > Core Zapotec > Narrow Core Zapotec > Central Core Zapotec > Cisyautepequeño > Mixtepec-Quioquitani-Quieri Zapotec > Quioquitani-Quieri Zapotec
zty,yate1242,Yatee Zapotec,Otomanguean,Otomanguean > Eastern Otomanguean > Popoloca-Zapotecan > Zapotecan > Zapotec > Core Zapotec > Narrow Core Zapotec > Northern Core Zapotec > Rinconic > Yatee Zapotec
zyp,zyph1238,Zyphe,Sino-Tibetan,Sino-Tibetan > Kuki-Chin-Naga > Kuki-Chin > Central Kuki-Chin > Maraic > Nuclear Maraic > Zyphe
